pokemon,format,played,won,lost,moves,win_rate,usage,Pdex,Type 1,Type 2,Total,HP,Attack,Defense,Sp. Atk,Sp. Def,Speed
Aerodactyl-Mega,[Gen 1] OU,1,1,0,"[('Diamond Storm', 1), ('Hurricane', 1)]",100.0,0.0011597026522399657,142-mega,Rock,Flying,615.0,80.0,135.0,85.0,70.0,95.0,150.0
Aerodactyl-Mega,[Gen 1] UBERS,3,1,2,"[('Double-Edge', 1), ('Earthquake', 2), ('Flamethrower', 3), ('Hyper Beam', 3)]",33.33333333333333,0.07940709370037057,142-mega,Rock,Flying,615.0,80.0,135.0,85.0,70.0,95.0,150.0
Alakazam-Mega,[Gen 1] OU,2,1,1,"[('Calm Mind', 1), ('Focus Blast', 1), ('Psychic', 1), ('Psyshock', 1), ('Recover', 1)]",50.0,0.0023194053044799314,65-mega,Psychic,,600.0,55.0,50.0,65.0,175.0,105.0,150.0
Altaria,[Gen 1] UBERS,3,2,1,"[('Agility', 1), ('Earthquake', 2), ('Ice Beam', 2)]",66.66666666666666,0.07940709370037057,334,Dragon,Flying,490.0,75.0,70.0,90.0,70.0,105.0,80.0
Ampharos,[Gen 1] OU,1,0,1,"[('Tail Glow', 1), ('Zippy Zap', 1)]",0.0,0.0011597026522399657,181,Electric,,510.0,90.0,75.0,85.0,115.0,90.0,55.0
Appletun,[Gen 1] OU,2,0,2,"[('Amnesia', 1), ('Apple Acid', 1), ('Recover', 1), ('Substitute', 1)]",0.0,0.0023194053044799314,842,Grass,Dragon,485.0,110.0,85.0,80.0,100.0,80.0,30.0
Arceus,[Gen 1] UBERS,1,0,1,"[('Perish Song', 1), ('Stone Axe', 1), ('Tidy Up', 1)]",0.0,0.02646903123345686,493,Normal,,720.0,120.0,120.0,120.0,120.0,120.0,120.0
Armarouge,[Gen 1] OU,2,1,1,"[('Armor Cannon', 1), ('Confuse Ray', 1), ('Light Screen', 1), ('Psychic', 1)]",50.0,0.0023194053044799314,936,Fire,Psychic,525.0,85.0,60.0,100.0,125.0,80.0,75.0
Azelf,[Gen 1] OU,9,4,5,"[('Explosion', 5), ('Fire Blast', 2), ('Psychic', 6), ('Thunder Wave', 4), ('Thunderbolt', 1)]",44.44444444444444,0.010437323870159691,482,Psychic,,580.0,75.0,125.0,70.0,125.0,70.0,115.0
Bellossom,[Gen 1] OU,1,0,1,"[('Leech Seed', 1), ('Sleep Powder', 1), ('Stun Spore', 1)]",0.0,0.0011597026522399657,182,Grass,,490.0,75.0,80.0,95.0,90.0,100.0,50.0
Blacephalon,[Gen 1] OU,9,4,5,"[('Explosion', 4), ('Fire Blast', 1), ('Hyper Beam', 1), ('Hypnosis', 3), ('Mind Blown', 8), ('Psychic', 5)]",44.44444444444444,0.010437323870159691,806,Fire,Ghost,570.0,53.0,127.0,53.0,151.0,79.0,107.0
Blaziken,[Gen 1] OU,3,0,3,"[('Fire Blast', 2), ('High Jump Kick', 2), ('Swords Dance', 1)]",0.0,0.0034791079567198973,257,Fire,Fighting,530.0,80.0,120.0,70.0,110.0,70.0,80.0
Blissey,[Gen 1] OU,2,2,0,"[('Blizzard', 1), ('Psychic', 1), ('Reflect', 1), ('Seismic Toss', 1), ('Soft-Boiled', 1), ('Thunder Wave', 2)]",100.0,0.0023194053044799314,242,Normal,,540.0,255.0,10.0,10.0,75.0,135.0,55.0
Braixen,[Gen 1] OU,4,0,4,"[('Agility', 1), ('Flamethrower', 2), ('Hypnosis', 2), ('Psychic', 1), ('Solar Beam', 1)]",0.0,0.004638810608959863,654,Fire,,409.0,59.0,59.0,58.0,90.0,70.0,73.0
Buzzwole,[Gen 1] OU,1,1,0,"[('Drain Punch', 1)]",100.0,0.0011597026522399657,794,Bug,Fighting,570.0,107.0,139.0,139.0,53.0,53.0,79.0
Calyrex-Shadow,[Gen 1] UBERS,2,0,2,"[('Photon Geyser', 1), ('Recover', 1), ('Roost', 1), ('Taunt', 2)]",0.0,0.05293806246691372,898-shadow,Psychic,Ghost,680.0,100.0,85.0,80.0,165.0,100.0,150.0
Celebi,[Gen 1] OU,1,0,1,"[('Psychic', 1), ('Recover', 1), ('Reflect', 1), ('Thunder Wave', 1)]",0.0,0.0011597026522399657,251,Psychic,Grass,600.0,100.0,100.0,100.0,100.0,100.0,100.0
Celesteela,[Gen 1] OU,6,2,4,"[('Body Slam', 2), ('Earthquake', 4), ('Explosion', 3), ('Fire Blast', 1), ('Leech Seed', 2), ('Protect', 1), ('Rock Slide', 1)]",33.33333333333333,0.0069582159134397945,797,Steel,Flying,570.0,97.0,101.0,103.0,107.0,101.0,61.0
Chandelure,[Gen 1] OU,4,0,4,"[('Acid Armor', 1), ('Fire Blast', 3), ('Flamethrower', 4), ('Psychic', 1)]",0.0,0.004638810608959863,609,Ghost,Fire,520.0,60.0,55.0,90.0,145.0,90.0,80.0
Chien-Pao,[Gen 1] OU,6,2,4,"[('Blizzard', 5), ('Hyper Beam', 4), ('Recover', 2), ('Swords Dance', 4)]",33.33333333333333,0.0069582159134397945,1002,Dark,Ice,570.0,80.0,120.0,80.0,90.0,65.0,135.0
Cinccino,[Gen 1] OU,3,1,2,"[('Double-Edge', 2), ('Reflect', 1), ('Swift', 1), ('Thunder Wave', 2)]",33.33333333333333,0.0034791079567198973,573,Normal,,470.0,75.0,95.0,60.0,65.0,60.0,115.0
Clawitzer,[Gen 1] OU,1,0,1,"[('Blizzard', 1)]",0.0,0.0011597026522399657,693,Water,,500.0,71.0,73.0,88.0,120.0,89.0,59.0
Claydol,[Gen 1] UBERS,3,2,1,"[('Earthquake', 3), ('Ice Beam', 3)]",66.66666666666666,0.07940709370037057,344,Ground,Psychic,500.0,60.0,70.0,105.0,70.0,120.0,75.0
Crucibelle,[Gen 1] UBERS,3,1,2,"[('Explosion', 2), ('Psychic', 1), ('Sludge', 2)]",33.33333333333333,0.07940709370037057,,,,,,,,,,
Cyclizar,[Gen 1] UBERS,2,0,2,"[('Hyper Beam', 1)]",0.0,0.05293806246691372,967,Dragon,Normal,501.0,70.0,95.0,65.0,85.0,65.0,121.0
Cyclohm,[Gen 1] UBERS,3,2,1,"[('Blizzard', 2), ('Surf', 2), ('Thunder Shock', 2), ('Toxic', 1)]",66.66666666666666,0.07940709370037057,,,,,,,,,,
Darkrai,[Gen 1] OU,2,1,1,"[('Hypnosis', 1), ('Ice Beam', 2), ('Thunder', 1), ('Thunder Wave', 1)]",50.0,0.0023194053044799314,491,Dark,,600.0,70.0,90.0,90.0,135.0,90.0,125.0
Decidueye-Hisui,[Gen 1] OU,3,3,0,"[('Razor Leaf', 3), ('Triple Arrows', 1)]",100.0,0.0034791079567198973,724-hisui,Grass,Fighting,530.0,88.0,112.0,80.0,95.0,95.0,60.0
Delphox,[Gen 1] OU,4,3,1,"[('Agility', 1), ('Fire Blast', 2), ('Hypnosis', 2), ('Psychic', 4)]",75.0,0.004638810608959863,655,Fire,Psychic,534.0,75.0,69.0,72.0,114.0,100.0,104.0
Deoxys-Speed,[Gen 1] OU,3,3,1,"[('Low Kick', 1), ('Psychic', 1), ('Thunder Wave', 2), ('Wrap', 3)]",75.0,0.0034791079567198973,386-speed,Psychic,,600.0,50.0,95.0,90.0,95.0,90.0,180.0
Dhelmise,[Gen 1] UBERS,3,2,1,"[('Substitute', 1), ('Surf', 3)]",66.66666666666666,0.07940709370037057,781,Ghost,Grass,517.0,70.0,131.0,100.0,86.0,90.0,40.0
Diancie,[Gen 1] OU,4,1,3,"[('Amnesia', 2), ('Diamond Storm', 3), ('Explosion', 1), ('Light Screen', 1), ('Psychic', 2), ('Sharpen', 2)]",25.0,0.004638810608959863,719,Rock,Fairy,600.0,50.0,100.0,150.0,100.0,150.0,50.0
Dragapult,[Gen 1] OU,6,2,4,"[('Body Slam', 1), ('Dragon Darts', 3), ('Fire Blast', 2), ('Substitute', 1), ('Thunder Wave', 4), ('Thunderbolt', 1)]",33.33333333333333,0.0069582159134397945,887,Dragon,Ghost,600.0,88.0,120.0,75.0,100.0,75.0,142.0
Drifblim,[Gen 1] OU,1,1,0,"[('Amnesia', 1), ('Explosion', 1), ('Thunder Wave', 1), ('Thunderbolt', 1)]",100.0,0.0011597026522399657,426,Ghost,Flying,498.0,150.0,80.0,44.0,90.0,54.0,80.0
Dubwool,[Gen 1] OU,5,1,4,"[('Agility', 1), ('Body Slam', 3), ('Double Kick', 2), ('Headbutt', 2), ('Reflect', 1), ('Rest', 2), ('Thunder Wave', 1)]",20.0,0.005798513261199828,832,Normal,,490.0,72.0,80.0,100.0,60.0,90.0,88.0
Dugtrio-Alola,[Gen 1] OU,3,0,3,"[('Earthquake', 2), ('Hyper Beam', 1), ('Rock Slide', 1), ('Swords Dance', 1)]",0.0,0.0034791079567198973,51-alola,Ground,Steel,425.0,35.0,100.0,60.0,50.0,70.0,110.0
Electivire,[Gen 1] OU,1,1,0,"[('Hyper Beam', 1), ('Thunder Wave', 1), ('Thunderbolt', 1)]",100.0,0.0011597026522399657,466,Electric,,540.0,75.0,123.0,67.0,95.0,85.0,95.0
Electrode-Hisui,[Gen 1] OU,7,3,4,"[('Chloroblast', 5), ('Explosion', 2), ('Thunder Wave', 5), ('Thunderbolt', 4)]",42.857142857142854,0.00811791856567976,101-hisui,Electric,Grass,490.0,60.0,50.0,70.0,80.0,80.0,150.0
Empoleon,[Gen 1] OU,3,2,1,"[('Blizzard', 1), ('Drill Peck', 1), ('Earthquake', 1), ('Surf', 1), ('Swords Dance', 2)]",66.66666666666666,0.0034791079567198973,395,Water,Steel,530.0,84.0,86.0,88.0,111.0,101.0,60.0
Enamorus,[Gen 1] OU,1,1,0,"[('Springtide Storm', 1)]",100.0,0.0011597026522399657,905,Fairy,Flying,580.0,74.0,115.0,70.0,135.0,80.0,106.0
Espeon,[Gen 1] OU,3,0,3,"[('Confuse Ray', 1), ('Light Screen', 1), ('Mimic', 1), ('Psychic', 2), ('Reflect', 1), ('Rest', 1), ('Thunder Wave', 2)]",0.0,0.0034791079567198973,196,Psychic,,525.0,65.0,65.0,60.0,130.0,95.0,110.0
Eternatus-Eternamax,[Gen 1] OU,1,1,0,[],100.0,0.0011597026522399657,890-eternamax,Poison,Dragon,1125.0,255.0,115.0,250.0,125.0,250.0,130.0
Eternatus-Eternamax,[Gen 1] UBERS,3,2,1,"[('Max Guard', 2), ('Recover', 2), ('Ruination', 1), ('Shore Up', 1), ('Sizzly Slide', 2), ('Sparkly Swirl', 1), ('Spikes', 2), ('Stealth Rock', 2), ('Stone Axe', 1), ('Taunt', 1), ('Tidy Up', 1), ('U-Turn', 1)]",66.66666666666666,0.07940709370037057,890-eternamax,Poison,Dragon,1125.0,255.0,115.0,250.0,125.0,250.0,130.0
Farigiraf,[Gen 1] OU,2,0,2,"[('Amnesia', 1), ('Body Slam', 1), ('Earthquake', 1), ('Hyper Beam', 1), ('Psychic', 1), ('Rest', 1)]",0.0,0.0023194053044799314,981,Normal,Psychic,520.0,120.0,90.0,70.0,110.0,70.0,60.0
Ferrothorn,[Gen 1] OU,4,2,2,"[('Explosion', 2), ('Leech Seed', 1), ('Thunder Wave', 3)]",50.0,0.004638810608959863,598,Grass,Steel,489.0,74.0,94.0,131.0,54.0,116.0,20.0
Ferrothorn,[Gen 1] UBERS,1,0,1,"[('Recycle', 1), ('Revival Blessing', 1)]",0.0,0.02646903123345686,598,Grass,Steel,489.0,74.0,94.0,131.0,54.0,116.0,20.0
Froslass,[Gen 1] OU,6,3,3,"[('Blizzard', 3), ('Body Slam', 1), ('Confuse Ray', 1), ('Haze', 2), ('Ice Beam', 1), ('Night Shade', 2), ('Psychic', 1), ('Thunder Wave', 3), ('Thunderbolt', 2)]",50.0,0.0069582159134397945,478,Ice,Ghost,480.0,70.0,80.0,70.0,80.0,70.0,110.0
Garganacl,[Gen 1] OU,2,0,2,"[('Earthquake', 1), ('Explosion', 1), ('Recover', 1), ('Salt Cure', 1)]",0.0,0.0023194053044799314,934,Rock,,500.0,100.0,100.0,130.0,45.0,90.0,35.0
Gastrodon,[Gen 1] OU,8,4,4,"[('Amnesia', 7), ('Blizzard', 6), ('Recover', 6), ('Surf', 4)]",50.0,0.009277621217919725,423,Water,Ground,475.0,111.0,83.0,68.0,92.0,82.0,39.0
Gholdengo,[Gen 1] OU,5,3,2,"[('Make It Rain', 1), ('Psychic', 4), ('Thunder Wave', 5), ('Thunderbolt', 2)]",60.0,0.005798513261199828,1000,Steel,Ghost,550.0,87.0,60.0,95.0,133.0,91.0,84.0
Giratina,[Gen 1] UBERS,3,2,2,"[('Curse', 2), ('Imprison', 1), ('Last Respects', 1), ('Recover', 2), ('Spider Web', 3)]",50.0,0.07940709370037057,487,Ghost,Dragon,680.0,150.0,100.0,120.0,100.0,120.0,90.0
Glaceon,[Gen 1] OU,1,0,1,"[('Double Kick', 1), ('Rest', 1), ('Substitute', 1)]",0.0,0.0011597026522399657,471,Ice,,525.0,65.0,60.0,110.0,130.0,95.0,65.0
Golisopod,[Gen 1] UBERS,1,0,1,"[('Last Respects', 1), ('Revival Blessing', 1), ('Tidy Up', 1)]",0.0,0.02646903123345686,768,Bug,Water,530.0,75.0,125.0,140.0,60.0,90.0,40.0
Goodra-Hisui,[Gen 1] OU,6,0,6,"[('Acid Armor', 1), ('Blizzard', 2), ('Fire Blast', 1), ('Flamethrower', 2), ('Ice Beam', 2), ('Rest', 1), ('Surf', 1), ('Thunder', 1), ('Thunderbolt', 1)]",0.0,0.0069582159134397945,706-hisui,Steel,Dragon,600.0,80.0,100.0,100.0,110.0,150.0,60.0
Gorebyss,[Gen 1] OU,1,0,1,"[('Psychic', 1), ('Rest', 1)]",0.0,0.0011597026522399657,368,Water,,485.0,55.0,84.0,105.0,114.0,75.0,52.0
Greninja,[Gen 1] OU,5,1,4,"[('Blizzard', 3), ('Hydro Pump', 4), ('Low Kick', 1), ('Rock Slide', 1), ('Substitute', 2)]",20.0,0.005798513261199828,658,Water,Dark,530.0,72.0,95.0,67.0,103.0,71.0,122.0
Greninja-Ash,[Gen 1] OU,2,2,0,"[('Blizzard', 1), ('Dark Pulse', 1), ('Hydro Pump', 1), ('Spikes', 1)]",100.0,0.0023194053044799314,658-ash,Water,Dark,640.0,72.0,145.0,67.0,153.0,71.0,132.0
Groudon-Primal,[Gen 1] UBERS,3,2,1,"[('Aromatherapy', 1), ('Baneful Bunker', 1), ('Gastro Acid', 1), ('Imprison', 1), (""King'S Shield"", 1), ('Knock Off', 1), ('Max Geyser', 1), ('Max Guard', 2), ('Protect', 1), ('Shell Smash', 1), ('Shore Up', 1), ('Spider Web', 1), ('Spikes', 2), ('Spiky Shield', 2), ('Stealth Rock', 1), ('Thousand Arrows', 1), ('Tidy Up', 2), ('Will-O-Wisp', 1)]",66.66666666666666,0.07940709370037057,383-mega,Ground,Fire,770.0,100.0,180.0,160.0,150.0,90.0,90.0
Heatran,[Gen 1] OU,1,0,1,"[('Stealth Rock', 1)]",0.0,0.0011597026522399657,485,Fire,Steel,600.0,91.0,90.0,106.0,130.0,106.0,77.0
Hemogoblin,[Gen 1] UBERS,3,1,2,"[('Body Slam', 2), ('Explosion', 2)]",33.33333333333333,0.07940709370037057,,,,,,,,,,
Hitmontop,[Gen 1] UBERS,3,2,1,"[('Agility', 3), ('Earthquake', 1), ('High Jump Kick', 3), ('Hyper Beam', 1)]",66.66666666666666,0.07940709370037057,237,Fighting,,455.0,50.0,95.0,95.0,35.0,110.0,70.0
Hoopa,[Gen 1] OU,7,6,1,"[('Fire Punch', 3), ('Ice Punch', 2), ('Psychic', 4), ('Thunder Wave', 4), ('Thunderbolt', 5)]",85.71428571428571,0.00811791856567976,720,Psychic,Ghost,600.0,80.0,110.0,60.0,150.0,130.0,70.0
Hoopa-Unbound,[Gen 1] OU,3,2,1,"[('Fire Punch', 1), ('Hyperspace Fury', 1), ('Ice Punch', 1), ('Psychic', 2), ('Thunderbolt', 2)]",66.66666666666666,0.0034791079567198973,720-unbound,Psychic,Dark,680.0,80.0,160.0,60.0,170.0,130.0,80.0
Inteleon,[Gen 1] OU,7,4,3,"[('Agility', 1), ('Blizzard', 6), ('Haze', 3), ('Hyper Beam', 1), ('Light Screen', 1), ('Snipe Shot', 7), ('Swords Dance', 1)]",57.14285714285714,0.00811791856567976,818,Water,,530.0,70.0,85.0,65.0,125.0,65.0,120.0
Iron Boulder,[Gen 1] OU,8,4,4,"[('Earthquake', 6), ('Mighty Cleave', 7), ('Psychic', 3), ('Swords Dance', 8)]",50.0,0.009277621217919725,1022,Rock,Psychic,590.0,90.0,120.0,80.0,68.0,108.0,124.0
Iron Treads,[Gen 1] OU,9,3,6,"[('Body Slam', 3), ('Earthquake', 7), ('Hyper Beam', 1), ('Rock Slide', 3), ('Thunder', 1)]",33.33333333333333,0.010437323870159691,990,Ground,Steel,570.0,90.0,112.0,120.0,72.0,70.0,106.0
Jellicent,[Gen 1] OU,6,5,1,"[('Acid Armor', 2), ('Blizzard', 2), ('Night Shade', 2), ('Psychic', 1), ('Recover', 3), ('Surf', 2)]",83.33333333333334,0.0069582159134397945,593,Water,Ghost,480.0,100.0,60.0,70.0,85.0,105.0,60.0
Jirachi,[Gen 1] OU,13,11,2,"[('Amnesia', 10), ('Fire Punch', 1), ('Psychic', 6), ('Rest', 6), ('Thunder Wave', 2), ('Thunderbolt', 9)]",84.61538461538461,0.015076134479119553,385,Steel,Psychic,600.0,100.0,100.0,100.0,100.0,100.0,100.0
Jumpluff,[Gen 1] OU,1,1,0,"[('Stun Spore', 1), ('Toxic', 1)]",100.0,0.0011597026522399657,189,Grass,Flying,460.0,75.0,55.0,70.0,55.0,95.0,110.0
Kartana,[Gen 1] OU,1,1,0,"[('Leaf Blade', 1), ('Sacred Sword', 1), ('Swords Dance', 1)]",100.0,0.0011597026522399657,798,Grass,Steel,570.0,59.0,181.0,131.0,59.0,31.0,109.0
Kommo-O,[Gen 1] OU,2,1,1,"[('Body Slam', 1), ('Clanging Scales', 2), ('Flamethrower', 1), ('Thunder Punch', 2)]",50.0,0.0023194053044799314,784,Dragon,Fighting,600.0,75.0,110.0,125.0,100.0,105.0,85.0
Kyurem,[Gen 1] OU,2,1,2,"[('Blizzard', 1), ('Earth Power', 1), ('Ice Beam', 1), ('Rock Slide', 1)]",33.33333333333333,0.0023194053044799314,646,Dragon,Ice,660.0,125.0,130.0,90.0,130.0,90.0,95.0
Landorus-Therian,[Gen 1] OU,11,9,3,"[('Body Slam', 1), ('Dragon Ascent', 1), ('Earthquake', 8), ('Explosion', 3), ('Fly', 1), ('Rock Polish', 1), ('Shift Gear', 1), ('Substitute', 1), ('Swords Dance', 3)]",75.0,0.012756729174639624,645-therian,Ground,Flying,600.0,89.0,145.0,90.0,105.0,80.0,91.0
Lanturn,[Gen 1] OU,3,1,2,"[('Agility', 2), ('Amnesia', 2), ('Blizzard', 2), ('Thunderbolt', 1)]",33.33333333333333,0.0034791079567198973,171,Water,Electric,460.0,125.0,58.0,58.0,76.0,76.0,67.0
Latias,[Gen 1] OU,5,3,2,"[('Ice Beam', 2), ('Psychic', 3), ('Recover', 2), ('Surf', 2), ('Thunder Wave', 1), ('Thunderbolt', 2)]",60.0,0.005798513261199828,380,Dragon,Psychic,600.0,80.0,80.0,90.0,110.0,130.0,110.0
Latios,[Gen 1] OU,8,6,2,"[('Ice Beam', 2), ('Psychic', 6), ('Recover', 3), ('Surf', 3), ('Thunder Wave', 3), ('Thunderbolt', 2)]",75.0,0.009277621217919725,381,Dragon,Psychic,600.0,80.0,90.0,80.0,130.0,110.0,110.0
Lilligant-Hisui,[Gen 1] OU,3,1,2,"[('Low Kick', 2), ('Sleep Powder', 2), ('Stun Spore', 1), ('Victory Dance', 2)]",33.33333333333333,0.0034791079567198973,549-hisui,Grass,Fighting,480.0,70.0,105.0,75.0,50.0,75.0,105.0
Lopunny,[Gen 1] OU,1,0,1,"[('Explosion', 1), ('Fake Out', 1)]",0.0,0.0011597026522399657,428,Normal,,480.0,65.0,76.0,84.0,54.0,96.0,105.0
Magearna,[Gen 1] OU,2,2,0,"[('Fleur Cannon', 1), ('Iron Head', 1), ('Shift Gear', 1), ('Tail Glow', 1), ('Volt Switch', 1)]",100.0,0.0023194053044799314,801,Steel,Fairy,600.0,80.0,95.0,115.0,130.0,115.0,65.0
Magnezone,[Gen 1] OU,3,1,2,"[('Reflect', 1), ('Thunder Wave', 1), ('Thunderbolt', 1)]",33.33333333333333,0.0034791079567198973,462,Electric,Steel,535.0,70.0,70.0,115.0,130.0,90.0,60.0
Mamoswine,[Gen 1] OU,4,2,2,"[('Amnesia', 1), ('Blizzard', 1), ('Body Slam', 1), ('Earthquake', 2)]",50.0,0.004638810608959863,473,Ice,Ground,530.0,110.0,130.0,80.0,70.0,60.0,80.0
Manaphy,[Gen 1] OU,9,7,2,"[('Blizzard', 1), ('Ice Beam', 3), ('Rest', 2), ('Surf', 9), ('Take Heart', 7)]",77.77777777777779,0.010437323870159691,490,Water,,600.0,100.0,100.0,100.0,100.0,100.0,100.0
Maushold,[Gen 1] OU,4,1,3,"[('Agility', 1), ('Population Bomb', 3), ('Rest', 1), ('Thunder Wave', 3)]",25.0,0.004638810608959863,925-three,Normal,,470.0,74.0,75.0,70.0,65.0,75.0,111.0
Medicham-Mega,[Gen 1] OU,1,1,0,"[('Fake Out', 1), ('Ice Punch', 1)]",100.0,0.0011597026522399657,308-mega,Fighting,Psychic,510.0,60.0,100.0,85.0,80.0,85.0,100.0
Melmetal,[Gen 1] OU,5,2,3,"[('Double Iron Bash', 5), ('Hyper Beam', 1), ('Ice Punch', 1), ('Self-Destruct', 1), ('Thunder Wave', 2)]",40.0,0.005798513261199828,809,Steel,,600.0,135.0,143.0,143.0,80.0,65.0,34.0
Meloetta,[Gen 1] OU,1,0,1,"[('Ice Punch', 1)]",0.0,0.0011597026522399657,648,Normal,Psychic,600.0,100.0,77.0,77.0,128.0,128.0,90.0
Meowstic-F,[Gen 1] OU,2,0,2,"[('Psybeam', 1)]",0.0,0.0023194053044799314,678-female,Psychic,,466.0,74.0,48.0,76.0,83.0,81.0,104.0
Metagross,[Gen 1] OU,9,4,5,"[('Agility', 3), ('Earthquake', 2), ('Explosion', 4), ('Hyper Beam', 1), ('Ice Punch', 2), ('Psychic', 6), ('Rock Slide', 2)]",44.44444444444444,0.010437323870159691,376,Steel,Psychic,600.0,80.0,135.0,130.0,95.0,90.0,70.0
Mienshao,[Gen 1] OU,1,0,1,"[('Agility', 1), ('Swords Dance', 1)]",0.0,0.0011597026522399657,620,Fighting,,510.0,65.0,125.0,60.0,95.0,60.0,105.0
Milotic,[Gen 1] OU,8,3,5,"[('Blizzard', 4), ('Hypnosis', 4), ('Recover', 6), ('Surf', 6), ('Toxic', 1)]",37.5,0.009277621217919725,350,Water,,540.0,95.0,60.0,79.0,100.0,125.0,81.0
Miraidon,[Gen 1] OU,3,3,3,"[('Confuse Ray', 1), ('Hyper Beam', 1), ('Reflect', 1), ('Rest', 1), ('Solar Beam', 2), ('Substitute', 1), ('Swords Dance', 1), ('Thunder Wave', 2), ('Thunderbolt', 3)]",50.0,0.0034791079567198973,1008,Electric,Dragon,670.0,100.0,85.0,100.0,135.0,115.0,135.0
Missingno.,[Gen 1] OU,1,0,1,"[('Double-Edge', 1), ('Earthquake', 1), ('Substitute', 1)]",0.0,0.0011597026522399657,,,,,,,,,,
Missingno.,[Gen 1] UBERS,3,2,1,"[('Agility', 1), ('Mega Kick', 1), ('Quick Attack', 2), ('Seismic Toss', 1), ('Sky Attack', 1), ('Spore', 1)]",66.66666666666666,0.07940709370037057,,,,,,,,,,
Mr. Rime,[Gen 1] OU,2,1,1,"[('Blizzard', 1), ('Hypnosis', 1)]",50.0,0.0023194053044799314,866,Ice,Psychic,520.0,80.0,85.0,75.0,110.0,100.0,70.0
Necrozma,[Gen 1] OU,6,1,5,"[('Earthquake', 3), ('Photon Geyser', 5), ('Substitute', 1), ('Swords Dance', 4)]",16.666666666666664,0.0069582159134397945,800,Psychic,,600.0,97.0,107.0,101.0,127.0,89.0,79.0
Obstagoon,[Gen 1] OU,4,1,3,"[('Body Slam', 3), ('Low Kick', 1), ('Obstruct', 2), ('Pin Missile', 2), ('Substitute', 1), ('Thunder Wave', 4)]",25.0,0.004638810608959863,862,Dark,Normal,520.0,93.0,90.0,101.0,60.0,81.0,95.0
Overqwil,[Gen 1] OU,3,0,3,"[('Haze', 1), ('Ice Beam', 1), ('Pin Missile', 1), ('Self-Destruct', 1)]",0.0,0.0034791079567198973,904,Dark,Poison,510.0,85.0,115.0,95.0,65.0,65.0,85.0
Palossand,[Gen 1] OU,7,5,2,"[('Amnesia', 5), ('Earthquake', 5), ('Hypnosis', 4), ('Psychic', 1), ('Shore Up', 6)]",71.42857142857143,0.00811791856567976,770,Ghost,Ground,480.0,85.0,75.0,110.0,100.0,75.0,35.0
Pheromosa,[Gen 1] OU,2,2,0,"[('High Jump Kick', 2), ('Ice Beam', 1)]",100.0,0.0023194053044799314,795,Bug,Fighting,570.0,71.0,137.0,37.0,137.0,37.0,151.0
Pinsir-Mega,[Gen 1] OU,1,0,1,[],0.0,0.0011597026522399657,127-mega,Bug,Flying,600.0,65.0,155.0,120.0,65.0,90.0,105.0
Polteageist,[Gen 1] UBERS,3,1,2,"[('Night Shade', 2), ('Psychic', 3), ('Reflect', 1), ('Rest', 1)]",33.33333333333333,0.07940709370037057,855,Ghost,,508.0,60.0,65.0,65.0,134.0,114.0,70.0
Porygon-Z,[Gen 1] OU,8,3,5,"[('Blizzard', 5), ('Recover', 3), ('Thunder Wave', 5), ('Thunderbolt', 2)]",37.5,0.009277621217919725,474,Normal,,535.0,85.0,80.0,70.0,135.0,75.0,90.0
Porygon2,[Gen 1] OU,5,1,4,"[('Blizzard', 1), ('Ice Beam', 2), ('Psychic', 1), ('Recover', 3), ('Thunder Wave', 2), ('Thunderbolt', 1)]",20.0,0.005798513261199828,233,Normal,,515.0,85.0,80.0,90.0,105.0,95.0,60.0
Primarina,[Gen 1] OU,3,1,2,"[('Amnesia', 3), ('Blizzard', 1), ('Ice Beam', 1), ('Surf', 1)]",33.33333333333333,0.0034791079567198973,730,Water,Fairy,530.0,80.0,74.0,74.0,126.0,116.0,60.0
Quagsire,[Gen 1] OU,4,2,2,"[('Amnesia', 3), ('Blizzard', 1), ('Earthquake', 1), ('Recover', 2), ('Surf', 3)]",50.0,0.004638810608959863,195,Water,Ground,430.0,95.0,85.0,85.0,65.0,65.0,35.0
Qwilfish-Hisui,[Gen 1] OU,1,0,1,"[('Self-Destruct', 1), ('Swords Dance', 1)]",0.0,0.0011597026522399657,211-hisui,Dark,Poison,440.0,65.0,95.0,85.0,55.0,55.0,85.0
Raichu-Alola,[Gen 1] OU,7,0,7,"[('Psychic', 6), ('Surf', 1), ('Thunder', 1), ('Thunder Wave', 6), ('Thunderbolt', 4)]",0.0,0.00811791856567976,26-alola,Electric,Psychic,485.0,60.0,85.0,50.0,95.0,85.0,110.0
Rayquaza-Mega,[Gen 1] OU,1,0,1,"[('Dragon Ascent', 1), ('Dragon Claw', 1), ('Swords Dance', 1)]",0.0,0.0011597026522399657,384-mega,Dragon,Flying,780.0,105.0,180.0,100.0,180.0,100.0,115.0
Regice,[Gen 1] OU,8,6,2,"[('Amnesia', 6), ('Blizzard', 4), ('Explosion', 1), ('Ice Beam', 3), ('Rest', 1), ('Thunder Wave', 1), ('Thunderbolt', 4)]",75.0,0.009277621217919725,378,Ice,,580.0,80.0,50.0,100.0,100.0,200.0,50.0
Regidrago,[Gen 1] OU,4,1,3,"[('Dragon Energy', 2), ('Earthquake', 1), ('Explosion', 2), ('Hyper Beam', 1)]",25.0,0.004638810608959863,895,Dragon,,580.0,200.0,100.0,50.0,100.0,50.0,80.0
Regieleki,[Gen 1] OU,3,3,0,"[('Thunderbolt', 2)]",100.0,0.0034791079567198973,894,Electric,,580.0,80.0,100.0,50.0,100.0,50.0,200.0
Regieleki,[Gen 1] UBERS,1,0,1,"[('Corrosive Gas', 1), ('G-Max Steelsurge', 1), ('Recover', 1)]",0.0,0.02646903123345686,894,Electric,,580.0,80.0,100.0,50.0,100.0,50.0,200.0
Regigigas,[Gen 1] OU,22,12,18,"[('Body Slam', 12), ('Confuse Ray', 1), ('Double-Edge', 4), ('Earthquake', 8), ('Hyper Beam', 14), ('Ice Punch', 4), ('Rest', 1), ('Rock Slide', 1), ('Thunder Wave', 4), ('Thunderbolt', 1)]",40.0,0.025513458349279247,486,Normal,,670.0,110.0,160.0,110.0,80.0,110.0,100.0
Registeel,[Gen 1] OU,1,1,0,"[('Amnesia', 1)]",100.0,0.0011597026522399657,379,Steel,,580.0,80.0,75.0,150.0,75.0,150.0,50.0
Rhyperior,[Gen 1] OU,5,3,2,"[('Body Slam', 1), ('Earthquake', 5), ('Rock Slide', 3), ('Submission', 1)]",60.0,0.005798513261199828,464,Ground,Rock,535.0,115.0,140.0,130.0,55.0,55.0,40.0
Sableye,[Gen 1] OU,2,0,2,"[('Fire Punch', 1), ('Recover', 2), ('Seismic Toss', 1), ('Thunder Wave', 2)]",0.0,0.0023194053044799314,302,Dark,Ghost,380.0,50.0,75.0,75.0,65.0,65.0,50.0
Samurott-Hisui,[Gen 1] OU,1,0,1,"[('Ceaseless Edge', 1), ('Ice Beam', 1)]",0.0,0.0011597026522399657,503-hisui,Water,Dark,528.0,90.0,108.0,80.0,100.0,65.0,85.0
Samurott-Hisui,[Gen 1] UBERS,3,1,2,"[('Blizzard', 3), ('Hyper Beam', 2), ('Slash', 2)]",33.33333333333333,0.07940709370037057,503-hisui,Water,Dark,528.0,90.0,108.0,80.0,100.0,65.0,85.0
Scolipede,[Gen 1] OU,3,1,2,"[('Earthquake', 2), ('Rock Slide', 2), ('Twineedle', 2)]",33.33333333333333,0.0034791079567198973,545,Bug,Poison,485.0,60.0,100.0,89.0,55.0,69.0,112.0
Scream Tail,[Gen 1] OU,8,7,1,"[('Amnesia', 8), ('Blizzard', 2), ('Fire Blast', 3), ('Psychic', 6), ('Thunder Wave', 6)]",87.5,0.009277621217919725,985,Fairy,Psychic,570.0,115.0,65.0,99.0,65.0,115.0,111.0
Shaymin,[Gen 1] OU,5,4,1,"[('Growth', 3), ('Leech Seed', 1), ('Psychic', 1), ('Rest', 2), ('Seed Flare', 2)]",80.0,0.005798513261199828,492,Grass,,600.0,100.0,100.0,100.0,100.0,100.0,100.0
Shiftry,[Gen 1] OU,3,1,2,"[('Explosion', 1), ('Razor Leaf', 1)]",33.33333333333333,0.0034791079567198973,275,Grass,Dark,480.0,90.0,100.0,60.0,90.0,60.0,80.0
Silvally,[Gen 1] OU,10,8,2,"[('Explosion', 4), ('Hyper Beam', 4), ('Ice Beam', 1), ('Multi-Attack', 6), ('Surf', 3), ('Swords Dance', 6), ('Thunder Wave', 2), ('Thunderbolt', 1)]",80.0,0.011597026522399656,773,Normal,,570.0,95.0,95.0,95.0,95.0,95.0,95.0
Sinistcha,[Gen 1] OU,4,4,0,"[('Matcha Gotcha', 1), ('Night Shade', 2), ('Rest', 1), ('Stun Spore', 4)]",100.0,0.004638810608959863,1013,Grass,Ghost,508.0,71.0,60.0,106.0,121.0,80.0,70.0
Sinistcha-Masterpiece,[Gen 1] OU,5,4,1,"[('Matcha Gotcha', 2), ('Night Shade', 3), ('Stun Spore', 3)]",80.0,0.005798513261199828,1013-masterpiece,Grass,Ghost,508.0,71.0,60.0,106.0,121.0,80.0,70.0
Skarmory,[Gen 1] OU,2,1,1,"[('Drill Peck', 2), ('Rest', 1), ('Swords Dance', 1), ('Whirlwind', 1)]",50.0,0.0023194053044799314,227,Steel,Flying,465.0,65.0,80.0,140.0,40.0,70.0,70.0
Slaking,[Gen 1] OU,2,2,1,"[('Amnesia', 2), ('Blizzard', 1), ('Body Slam', 2), ('Earthquake', 1), ('Rest', 2)]",66.66666666666666,0.0023194053044799314,289,Normal,,670.0,150.0,160.0,100.0,95.0,65.0,100.0
Slowbro-Mega,[Gen 1] OU,1,0,1,"[('Scald', 1)]",0.0,0.0011597026522399657,80-mega,Water,Psychic,590.0,95.0,75.0,180.0,130.0,80.0,30.0
Slowking,[Gen 1] OU,8,4,4,"[('Amnesia', 2), ('Chilly Reception', 2), ('Fire Blast', 1), ('Rest', 2), ('Surf', 1), ('Thunder Wave', 4)]",50.0,0.009277621217919725,199,Water,Psychic,490.0,95.0,75.0,80.0,100.0,110.0,30.0
Sneasler,[Gen 1] OU,8,2,6,"[('Agility', 1), ('Dire Claw', 7), ('Hyper Beam', 1), ('Low Kick', 3), ('Slash', 1), ('Substitute', 1), ('Swords Dance', 3)]",25.0,0.009277621217919725,903,Fighting,Poison,510.0,80.0,130.0,60.0,40.0,80.0,120.0
Swampert,[Gen 1] OU,10,8,2,"[('Amnesia', 4), ('Blizzard', 5), ('Earthquake', 7), ('Rest', 1)]",80.0,0.011597026522399656,260,Water,Ground,535.0,100.0,110.0,90.0,85.0,90.0,60.0
Swampert-Mega,[Gen 1] OU,1,1,0,"[('Earthquake', 1)]",100.0,0.0011597026522399657,260-mega,Water,Ground,635.0,100.0,150.0,110.0,95.0,110.0,70.0
Tapu Koko,[Gen 1] OU,1,0,1,"[('Brave Bird', 1), ('Toxic', 1), ('Volt Switch', 1)]",0.0,0.0011597026522399657,785,Electric,Fairy,570.0,70.0,115.0,85.0,95.0,75.0,130.0
Thundurus-Therian,[Gen 1] OU,3,1,2,"[('Psychic', 1), ('Thunder Wave', 1), ('Thunderbolt', 2)]",33.33333333333333,0.0034791079567198973,642-therian,Electric,Flying,580.0,79.0,105.0,70.0,145.0,80.0,101.0
Ting-Lu,[Gen 1] UBERS,1,0,1,"[('Ceaseless Edge', 1), ('Shore Up', 1), ('Stealth Rock', 1), ('Will-O-Wisp', 1)]",0.0,0.02646903123345686,1003,Dark,Ground,570.0,155.0,110.0,125.0,55.0,80.0,45.0
Tinkaton,[Gen 1] OU,1,1,0,"[('Thunder Wave', 1)]",100.0,0.0011597026522399657,959,Fairy,Steel,506.0,85.0,75.0,77.0,70.0,105.0,94.0
Togekiss,[Gen 1] OU,1,0,1,"[('Amnesia', 1), ('Flamethrower', 1), ('Psychic', 1), ('Soft-Boiled', 1)]",0.0,0.0011597026522399657,468,Fairy,Flying,545.0,85.0,50.0,95.0,120.0,115.0,80.0
Togetic,[Gen 1] OU,1,1,0,"[('Fire Blast', 1)]",100.0,0.0011597026522399657,176,Fairy,Flying,405.0,55.0,40.0,85.0,80.0,105.0,40.0
Tornadus,[Gen 1] OU,1,0,1,"[('Knock Off', 1), ('Superpower', 1), ('U-Turn', 1)]",0.0,0.0011597026522399657,641,Flying,,580.0,79.0,115.0,70.0,125.0,80.0,111.0
Torterra,[Gen 1] OU,1,0,1,"[('Body Slam', 1), ('Leech Seed', 1)]",0.0,0.0011597026522399657,389,Grass,Ground,525.0,95.0,109.0,105.0,75.0,85.0,56.0
Toucannon,[Gen 1] OU,1,1,0,"[('Beak Blast', 1)]",100.0,0.0011597026522399657,733,Normal,Flying,485.0,80.0,120.0,75.0,75.0,75.0,60.0
Toxapex,[Gen 1] OU,1,0,1,"[('Recover', 1), ('Scald', 1), ('Toxic Spikes', 1)]",0.0,0.0011597026522399657,748,Poison,Water,495.0,50.0,63.0,152.0,53.0,142.0,35.0
Typhlosion-Hisui,[Gen 1] OU,1,0,1,"[('Fire Blast', 1)]",0.0,0.0011597026522399657,157-hisui,Fire,Ghost,534.0,73.0,84.0,78.0,119.0,85.0,95.0
Ursaluna,[Gen 1] OU,6,0,6,"[('Body Slam', 3), ('Earthquake', 1), ('Hyper Beam', 1), ('Rock Slide', 1)]",0.0,0.0069582159134397945,901,Ground,Normal,550.0,130.0,140.0,105.0,45.0,80.0,50.0
Ursaluna-Bloodmoon,[Gen 1] OU,1,0,1,"[('Body Slam', 1), ('Thunder Punch', 1)]",0.0,0.0011597026522399657,901-bloodmoon,Ground,Normal,555.0,113.0,70.0,120.0,135.0,65.0,52.0
Uxie,[Gen 1] OU,6,2,4,"[('Amnesia', 6), ('Psychic', 2), ('Reflect', 1), ('Rest', 3), ('Thunder Wave', 1), ('Thunderbolt', 2)]",33.33333333333333,0.0069582159134397945,480,Psychic,,580.0,75.0,75.0,130.0,75.0,130.0,95.0
Veluza,[Gen 1] OU,3,2,1,"[('Fillet Away', 2), ('Psychic', 1), ('Recover', 3), ('Surf', 3)]",66.66666666666666,0.0034791079567198973,976,Water,Psychic,478.0,90.0,102.0,73.0,78.0,65.0,70.0
Victini,[Gen 1] OU,7,5,2,"[('Fire Blast', 1), ('Flamethrower', 1), ('Psychic', 2), ('Rest', 1), ('Searing Shot', 4), ('Thunder Wave', 4), ('Thunderbolt', 1)]",71.42857142857143,0.00811791856567976,494,Psychic,Fire,600.0,100.0,100.0,100.0,100.0,100.0,100.0
Volcarona,[Gen 1] OU,1,0,1,"[('Psychic', 1), ('Quiver Dance', 1)]",0.0,0.0011597026522399657,637,Bug,Fire,550.0,85.0,60.0,65.0,135.0,105.0,100.0
Walrein,[Gen 1] OU,1,0,1,"[('Blizzard', 1), ('Body Slam', 1), ('Rest', 1)]",0.0,0.0011597026522399657,365,Ice,Water,530.0,110.0,80.0,90.0,95.0,90.0,65.0
Wo-Chien,[Gen 1] OU,5,2,3,"[('Body Slam', 1), ('Leech Seed', 3), ('Mega Drain', 2), ('Poison Powder', 1), ('Reflect', 1), ('Rest', 2), ('Stun Spore', 4)]",40.0,0.005798513261199828,1001,Dark,Grass,570.0,85.0,85.0,100.0,95.0,135.0,70.0
Xurkitree,[Gen 1] OU,4,2,2,"[('Hypnosis', 1), ('Thunder', 1), ('Thunder Wave', 1), ('Thunderbolt', 1)]",50.0,0.004638810608959863,796,Electric,,570.0,83.0,89.0,71.0,173.0,71.0,83.0
Zapdos-Galar,[Gen 1] OU,5,0,5,"[('Agility', 3), ('Drill Peck', 3), ('Hyper Beam', 3), ('Thunderous Kick', 4)]",0.0,0.005798513261199828,145-galar,Fighting,Flying,580.0,90.0,125.0,90.0,85.0,90.0,100.0
Zeraora,[Gen 1] OU,3,0,3,"[('Fire Punch', 2), ('Hyper Beam', 1), ('Plasma Fists', 2)]",0.0,0.0034791079567198973,807,Electric,,600.0,88.0,112.0,75.0,102.0,80.0,143.0
Zoroark-Hisui,[Gen 1] OU,6,4,2,"[('Agility', 1), ('Body Slam', 4), ('Flamethrower', 1), ('Hyper Beam', 3), ('Psychic', 2), ('Swords Dance', 1)]",66.66666666666666,0.0069582159134397945,571-hisui,Normal,Ghost,510.0,55.0,100.0,60.0,125.0,60.0,110.0
Zygarde,[Gen 1] OU,7,5,2,"[('Core Enforcer', 2), ('Glare', 3), ('Hyper Beam', 2), ('Substitute', 3), ('Thousand Arrows', 6), ('Thousand Waves', 1), ('Toxic', 1)]",71.42857142857143,0.00811791856567976,718,Dragon,Ground,600.0,108.0,100.0,121.0,81.0,95.0,95.0
Zygarde-10%,[Gen 1] OU,5,2,3,"[('Haze', 2), ('Hyper Beam', 1), ('Thousand Arrows', 5), ('Thousand Waves', 1)]",40.0,0.005798513261199828,718-10,Dragon,Ground,486.0,54.0,100.0,71.0,61.0,85.0,115.0
Alakazam-Mega,[Gen 2] OU,3,2,1,"[('Encore', 1), ('Fire Punch', 2), ('Psychic', 3), ('Recover', 2)]",66.66666666666666,0.006966213862765588,65-mega,Psychic,,600.0,55.0,50.0,65.0,175.0,105.0,150.0
Ambipom,[Gen 2] OU,1,0,1,"[('Baton Pass', 1), ('Counter', 1), ('Return', 1)]",0.0,0.002322071287588529,424,Normal,,482.0,75.0,100.0,66.0,60.0,66.0,115.0
Arceus,[Gen 2] OU,1,1,0,"[('Destiny Bond', 1), ('Encore', 1), ('Population Bomb', 1)]",100.0,0.002322071287588529,493,Normal,,720.0,120.0,120.0,120.0,120.0,120.0,120.0
Arceus-Ground,[Gen 2] OU,1,0,1,[],0.0,0.002322071287588529,493-ground,Ground,,720.0,120.0,120.0,120.0,120.0,120.0,120.0
Charizard-Mega-Y,[Gen 2] OU,1,0,1,"[('Fire Blast', 1), ('Sleep Talk', 1), ('Sunny Day', 1)]",0.0,0.002322071287588529,6-megay,Fire,Flying,634.0,78.0,104.0,78.0,159.0,115.0,100.0
Electivire,[Gen 2] OU,2,1,1,"[('Cross Chop', 1), ('Fire Punch', 1), ('Ice Punch', 2), ('Thunderbolt', 1)]",50.0,0.004644142575177058,466,Electric,,540.0,75.0,123.0,67.0,95.0,85.0,95.0
Gengar-Mega,[Gen 2] OU,3,1,3,"[('Dynamic Punch', 2), ('Explosion', 1), ('Ice Punch', 1), ('Thunderbolt', 1)]",25.0,0.006966213862765588,94-mega,Ghost,Poison,600.0,60.0,65.0,80.0,170.0,95.0,130.0
Glaceon,[Gen 2] OU,3,2,1,"[('Growth', 1), ('Ice Beam', 3), ('Rest', 1), ('Sleep Talk', 1)]",66.66666666666666,0.006966213862765588,471,Ice,,525.0,65.0,60.0,110.0,130.0,95.0,65.0
Groudon,[Gen 2] OU,5,5,3,"[('Body Slam', 1), ('Earthquake', 3), ('Flamethrower', 4), ('Precipice Blades', 4), ('Protect', 1), ('Rest', 2), ('Rock Slide', 4), ('Sleep Talk', 1), ('Spikes', 1), ('Swords Dance', 4), ('Toxic', 1)]",62.5,0.011610356437942644,383,Ground,,670.0,100.0,150.0,140.0,100.0,90.0,90.0
Kangaskhan-Mega,[Gen 2] OU,1,1,0,"[('Body Slam', 1), ('Fire Blast', 1), ('Seismic Toss', 1)]",100.0,0.002322071287588529,115-mega,Normal,,590.0,105.0,125.0,100.0,60.0,100.0,100.0
Latias,[Gen 2] OU,2,2,0,"[('Charm', 2), ('Psychic', 2), ('Recover', 2)]",100.0,0.004644142575177058,380,Dragon,Psychic,600.0,80.0,80.0,90.0,110.0,130.0,110.0
Lickilicky,[Gen 2] OU,3,1,2,"[('Body Slam', 1), ('Earthquake', 2), ('Fire Blast', 2), ('Frustration', 3), ('Swords Dance', 3)]",33.33333333333333,0.006966213862765588,463,Normal,,515.0,110.0,85.0,95.0,80.0,95.0,50.0
Mamoswine,[Gen 2] OU,3,3,0,"[('Ancient Power', 1), ('Earthquake', 3), ('Ice Beam', 2)]",100.0,0.006966213862765588,473,Ice,Ground,530.0,110.0,130.0,80.0,70.0,60.0,80.0
Mismagius,[Gen 2] OU,3,2,1,"[('Hypnosis', 1), ('Perish Song', 1), ('Protect', 2), ('Thunderbolt', 3), ('Toxic', 1)]",66.66666666666666,0.006966213862765588,429,Ghost,,495.0,60.0,60.0,60.0,105.0,105.0,105.0
Rhyperior,[Gen 2] OU,5,4,3,"[('Curse', 3), ('Earthquake', 4), ('Hidden Power', 1), ('Rest', 1), ('Roar', 3), ('Rock Slide', 3)]",57.14285714285714,0.011610356437942644,464,Ground,Rock,535.0,115.0,140.0,130.0,55.0,55.0,40.0
Abomasnow,[Gen 3] OU,11,8,7,"[('Blizzard', 5), ('Giga Drain', 2), ('Hidden Power', 2), ('Ice Beam', 4), ('Leech Seed', 9), ('Protect', 5), ('Toxic', 1)]",53.333333333333336,0.005678855555727643,460,Grass,Ice,494.0,90.0,92.0,75.0,92.0,85.0,60.0
Aerodactyl-Mega,[Gen 3] OU,3,2,1,"[('Aerial Ace', 1), ('Ancient Power', 1), ('Earthquake', 2), ('Substitute', 1)]",66.66666666666666,0.0015487787879257205,142-mega,Rock,Flying,615.0,80.0,135.0,85.0,70.0,95.0,150.0
Alakazam-Mega,[Gen 3] OU,1,1,0,"[('Fire Punch', 1), ('Psychic', 1)]",100.0,0.0005162595959752402,65-mega,Psychic,,600.0,55.0,50.0,65.0,175.0,105.0,150.0
Araquanid,[Gen 3] UBERS,1,0,1,"[('Signal Beam', 1)]",0.0,0.013442667025137788,752,Water,Bug,454.0,68.0,70.0,92.0,50.0,132.0,42.0
Arceus,[Gen 3] OU,2,1,2,"[('Earthquake', 1), ('Extreme Speed', 2), ('Judgment', 1), ('Swords Dance', 1)]",33.33333333333333,0.0010325191919504804,493,Normal,,720.0,120.0,120.0,120.0,120.0,120.0,120.0
Arceus-Dragon,[Gen 3] OU,1,0,1,"[('Calm Mind', 1), ('Judgment', 1), ('Recover', 1)]",0.0,0.0005162595959752402,493-dragon,Dragon,,720.0,120.0,120.0,120.0,120.0,120.0,120.0
Arceus-Ghost,[Gen 3] OU,1,1,0,"[('Judgment', 1)]",100.0,0.0005162595959752402,493-ghost,Ghost,,720.0,120.0,120.0,120.0,120.0,120.0,120.0
Astrolotl,[Gen 3] UBERS,1,1,0,"[('Flamethrower', 1), ('Outrage', 1), ('Spikes', 1), ('Will-O-Wisp', 1)]",100.0,0.013442667025137788,,,,,,,,,,
Audino,[Gen 3] UBERS,1,0,1,"[('Heal Bell', 1), ('Wish', 1)]",0.0,0.013442667025137788,531,Normal,,445.0,103.0,60.0,86.0,60.0,86.0,50.0
Aurumoth,[Gen 3] UBERS,1,0,1,"[('Blizzard', 1), ('Tail Glow', 1), ('Thunder', 1)]",0.0,0.013442667025137788,,,,,,,,,,
Basculin,[Gen 3] UBERS,1,0,1,"[('Crunch', 1), ('Hydro Pump', 1), ('Ice Beam', 1)]",0.0,0.013442667025137788,550,Water,,460.0,70.0,92.0,65.0,80.0,55.0,98.0
Baxcalibur,[Gen 3] UBERS,1,1,0,"[('Ice Beam', 1)]",100.0,0.013442667025137788,998,Dragon,Ice,600.0,115.0,145.0,92.0,75.0,86.0,87.0
Beedrill-Mega,[Gen 3] OU,1,0,1,[],0.0,0.0005162595959752402,15-mega,Bug,Poison,495.0,65.0,150.0,40.0,15.0,80.0,145.0
Beheeyem,[Gen 3] UBERS,1,0,1,"[('Teleport', 1)]",0.0,0.013442667025137788,606,Psychic,,485.0,75.0,75.0,75.0,125.0,95.0,40.0
Bisharp,[Gen 3] UBERS,1,0,1,"[('Iron Head', 1)]",0.0,0.013442667025137788,625,Dark,Steel,490.0,65.0,125.0,100.0,60.0,70.0,70.0
Blastoise-Mega,[Gen 3] OU,1,0,1,"[('Water Pulse', 1)]",0.0,0.0005162595959752402,9-mega,Water,,630.0,79.0,103.0,120.0,135.0,115.0,78.0
Braviary,[Gen 3] UBERS,1,1,0,"[('Return', 1), ('Rock Slide', 1)]",100.0,0.013442667025137788,628,Normal,Flying,510.0,100.0,123.0,75.0,57.0,75.0,80.0
Braviary-Hisui,[Gen 3] UBERS,1,0,1,"[('Calm Mind', 1), ('Night Shade', 1), ('Psychic', 1), ('Toxic', 1)]",0.0,0.013442667025137788,628-hisui,Psychic,Flying,510.0,110.0,83.0,70.0,112.0,70.0,65.0
Caribolt,[Gen 3] UBERS,1,0,1,"[('Bulk Up', 1), ('Leech Seed', 1), ('Return', 1)]",0.0,0.013442667025137788,,,,,,,,,,
Celesteela,[Gen 3] UBERS,3,0,3,"[('Earthquake', 2), ('Hidden Power', 1), ('Leech Seed', 3), ('Protect', 3)]",0.0,0.040328001075413365,797,Steel,Flying,570.0,97.0,101.0,103.0,107.0,101.0,61.0
Chien-Pao,[Gen 3] UBERS,1,0,1,"[('Blizzard', 1)]",0.0,0.013442667025137788,1002,Dark,Ice,570.0,80.0,120.0,80.0,90.0,65.0,135.0
Cobalion,[Gen 3] OU,1,1,0,"[('Superpower', 1), ('Taunt', 1)]",100.0,0.0005162595959752402,638,Steel,Fighting,580.0,91.0,90.0,129.0,90.0,72.0,108.0
Colossoil,[Gen 3] UBERS,1,1,0,"[('Earthquake', 1), ('Facade', 1), ('Rest', 1), ('Sleep Talk', 1)]",100.0,0.013442667025137788,,,,,,,,,,
Cottonee,[Gen 3] OU,1,1,0,[],100.0,0.0005162595959752402,546,Grass,Fairy,280.0,40.0,27.0,60.0,37.0,50.0,66.0
Cresceidon,[Gen 3] UBERS,1,1,0,"[('Encore', 1), ('Surf', 1), ('Whirlpool', 1)]",100.0,0.013442667025137788,,,,,,,,,,
Cresselia,[Gen 3] OU,5,2,3,"[('Calm Mind', 3), ('Ice Beam', 2), ('Moonlight', 1), ('Psychic', 1), ('Recycle', 2), ('Rest', 2), ('Toxic', 2), ('Trick', 1)]",40.0,0.002581297979876201,488,Psychic,,580.0,120.0,70.0,110.0,75.0,120.0,85.0
Crucibelle,[Gen 3] UBERS,1,0,1,"[('Explosion', 1)]",0.0,0.013442667025137788,,,,,,,,,,
Cyclizar,[Gen 3] UBERS,1,0,1,"[('Double-Edge', 1), ('Thunder', 1)]",0.0,0.013442667025137788,967,Dragon,Normal,501.0,70.0,95.0,65.0,85.0,65.0,121.0
Cyclohm,[Gen 3] UBERS,1,1,0,"[('Ice Beam', 1), ('Surf', 1), ('Thunderbolt', 1)]",100.0,0.013442667025137788,,,,,,,,,,
Dhelmise,[Gen 3] UBERS,1,1,0,"[('Shadow Ball', 1)]",100.0,0.013442667025137788,781,Ghost,Grass,517.0,70.0,131.0,100.0,86.0,90.0,40.0
Diancie,[Gen 3] UBERS,3,0,3,"[('Explosion', 2), ('Protect', 1), ('Spikes', 2)]",0.0,0.040328001075413365,719,Rock,Fairy,600.0,50.0,100.0,150.0,100.0,150.0,50.0
Dragapult,[Gen 3] OU,1,1,0,"[('Draco Meteor', 1)]",100.0,0.0005162595959752402,887,Dragon,Ghost,600.0,88.0,120.0,75.0,100.0,75.0,142.0
Drampa,[Gen 3] UBERS,1,1,0,"[('Dragon Claw', 1), ('Fire Blast', 1), ('Thunder Wave', 1)]",100.0,0.013442667025137788,780,Normal,Dragon,485.0,78.0,60.0,85.0,135.0,91.0,36.0
Dudunsparce,[Gen 3] UBERS,1,1,0,"[('Ancient Power', 1), ('Earthquake', 1), ('Thunder Wave', 1)]",100.0,0.013442667025137788,982,Normal,,520.0,125.0,100.0,80.0,85.0,75.0,55.0
Dugtrio-Alola,[Gen 3] UBERS,1,0,1,"[('Earthquake', 1), ('Iron Head', 1)]",0.0,0.013442667025137788,51-alola,Ground,Steel,425.0,35.0,100.0,60.0,50.0,70.0,110.0
Duohm,[Gen 3] UBERS,1,0,1,"[('Dragon Claw', 1), ('Thunderbolt', 1)]",0.0,0.013442667025137788,,,,,,,,,,
Dusknoir,[Gen 3] OU,1,1,0,"[('Shadow Ball', 1), ('Will-O-Wisp', 1)]",100.0,0.0005162595959752402,477,Ghost,,525.0,45.0,100.0,135.0,65.0,135.0,45.0
Empoleon,[Gen 3] UBERS,1,0,1,"[('Knock Off', 1), ('Toxic', 1)]",0.0,0.013442667025137788,395,Water,Steel,530.0,84.0,86.0,88.0,111.0,101.0,60.0
Enamorus,[Gen 3] OU,1,1,0,"[('Dazzling Gleam', 1), ('Hidden Power', 1)]",100.0,0.0005162595959752402,905,Fairy,Flying,580.0,74.0,115.0,70.0,135.0,80.0,106.0
Equilibra,[Gen 3] UBERS,1,0,1,"[('Explosion', 1)]",0.0,0.013442667025137788,,,,,,,,,,
Eternatus-Eternamax,[Gen 3] UBERS,1,1,0,"[('Cosmic Power', 1), ('Dragon Claw', 1), ('Meteor Beam', 1), ('Recover', 1)]",100.0,0.013442667025137788,890-eternamax,Poison,Dragon,1125.0,255.0,115.0,250.0,125.0,250.0,130.0
Excadrill,[Gen 3] OU,1,0,1,"[('Rock Slide', 1), ('Swords Dance', 1)]",0.0,0.0005162595959752402,530,Ground,Steel,508.0,110.0,135.0,60.0,50.0,65.0,88.0
Excadrill,[Gen 3] UBERS,1,1,0,"[('Earthquake', 1), ('Rock Slide', 1), ('Swords Dance', 1)]",100.0,0.013442667025137788,530,Ground,Steel,508.0,110.0,135.0,60.0,50.0,65.0,88.0
Ferrothorn,[Gen 3] OU,1,1,0,"[('Body Press', 1), ('Gyro Ball', 1), ('Spikes', 1)]",100.0,0.0005162595959752402,598,Grass,Steel,489.0,74.0,94.0,131.0,54.0,116.0,20.0
Fidgit,[Gen 3] UBERS,1,0,1,"[('Spikes', 1), ('Toxic', 1)]",0.0,0.013442667025137788,,,,,,,,,,
Flarelm,[Gen 3] UBERS,1,1,0,"[('Synthesis', 1), ('Will-O-Wisp', 1)]",100.0,0.013442667025137788,,,,,,,,,,
Froslass,[Gen 3] OU,4,3,3,"[('Crunch', 1), ('Destiny Bond', 1), ('Hidden Power', 2), ('Ice Beam', 3), ('Spikes', 4), ('Taunt', 2)]",50.0,0.002065038383900961,478,Ice,Ghost,480.0,70.0,80.0,70.0,80.0,70.0,110.0
Garbodor,[Gen 3] UBERS,1,0,1,"[('Giga Drain', 1), ('Sludge Bomb', 1), ('Spikes', 1)]",0.0,0.013442667025137788,569,Poison,,474.0,80.0,95.0,82.0,60.0,82.0,75.0
Garchomp,[Gen 3] OU,16,9,13,"[('Earthquake', 12), ('Fire Blast', 2), ('Hidden Power', 3), ('Rock Slide', 2), ('Shadow Ball', 1), ('Substitute', 6), ('Swords Dance', 9)]",40.909090909090914,0.008260153535603844,445,Dragon,Ground,600.0,108.0,130.0,95.0,80.0,85.0,102.0
Garchomp,[Gen 3] UBERS,1,0,1,"[('Iron Tail', 1), ('Rock Slide', 1), ('Spikes', 1)]",0.0,0.013442667025137788,445,Dragon,Ground,600.0,108.0,130.0,95.0,80.0,85.0,102.0
Gholdengo,[Gen 3] UBERS,1,0,1,"[('Night Shade', 1), ('Recover', 1), ('Thunder Wave', 1), ('Thunderbolt', 1)]",0.0,0.013442667025137788,1000,Steel,Ghost,550.0,87.0,60.0,95.0,133.0,91.0,84.0
Glaceon,[Gen 3] OU,1,0,1,"[('Hail', 1), ('Ice Beam', 1), ('Wish', 1)]",0.0,0.0005162595959752402,471,Ice,,525.0,65.0,60.0,110.0,130.0,95.0,65.0
Glimmet,[Gen 3] OU,2,2,0,[],100.0,0.0010325191919504804,969,Rock,Poison,350.0,48.0,35.0,42.0,105.0,60.0,60.0
Glimmora,[Gen 3] OU,3,3,0,[],100.0,0.0015487787879257205,970,Rock,Poison,525.0,83.0,55.0,90.0,130.0,81.0,86.0
Gliscor,[Gen 3] OU,2,1,1,"[('Earthquake', 1), ('Swords Dance', 1)]",50.0,0.0010325191919504804,472,Ground,Flying,510.0,75.0,95.0,125.0,45.0,75.0,95.0
Golurk,[Gen 3] UBERS,1,1,0,"[('Shadow Ball', 1)]",100.0,0.013442667025137788,623,Ground,Ghost,483.0,89.0,124.0,80.0,55.0,80.0,55.0
Goodra-Hisui,[Gen 3] UBERS,1,1,0,"[('Dragon Claw', 1), ('Fire Blast', 1), ('Thunderbolt', 1)]",100.0,0.013442667025137788,706-hisui,Steel,Dragon,600.0,80.0,100.0,100.0,110.0,150.0,60.0
Gouging Fire,[Gen 3] UBERS,1,1,0,"[('Dragon Dance', 1), ('Earthquake', 1)]",100.0,0.013442667025137788,1020,Fire,Dragon,590.0,105.0,115.0,121.0,65.0,93.0,91.0
Great Tusk,[Gen 3] OU,1,1,0,"[('Earthquake', 1), ('Rapid Spin', 1)]",100.0,0.0005162595959752402,984,Ground,Fighting,570.0,115.0,131.0,131.0,53.0,53.0,87.0
Great Tusk,[Gen 3] UBERS,2,2,0,"[('Brick Break', 1), ('Earthquake', 1), ('Rapid Spin', 1)]",100.0,0.026885334050275576,984,Ground,Fighting,570.0,115.0,131.0,131.0,53.0,53.0,87.0
Greninja,[Gen 3] OU,1,0,1,"[('Hydro Pump', 1), ('Ice Beam', 1), ('Low Kick', 1), ('Taunt', 1)]",0.0,0.0005162595959752402,658,Water,Dark,530.0,72.0,95.0,67.0,103.0,71.0,122.0
Greninja,[Gen 3] UBERS,1,1,0,"[('Feint Attack', 1), ('Surf', 1)]",100.0,0.013442667025137788,658,Water,Dark,530.0,72.0,95.0,67.0,103.0,71.0,122.0
Groudon-Primal,[Gen 3] UBERS,1,0,1,"[('Eruption', 1)]",0.0,0.013442667025137788,383-mega,Ground,Fire,770.0,100.0,180.0,160.0,150.0,90.0,90.0
Hatterene,[Gen 3] OU,2,0,2,"[('Protect', 1)]",0.0,0.0010325191919504804,858,Psychic,Fairy,510.0,57.0,90.0,95.0,136.0,103.0,29.0
Haxorus,[Gen 3] OU,7,4,4,"[('Dragon Dance', 4), ('Earthquake', 4), ('Rock Slide', 1), ('Superpower', 1)]",50.0,0.0036138171718266814,612,Dragon,,540.0,76.0,147.0,90.0,60.0,70.0,97.0
Heatran,[Gen 3] OU,22,15,15,"[('Earthquake', 8), ('Eruption', 3), ('Explosion', 10), ('Fire Blast', 8), ('Flamethrower', 8), ('Hidden Power', 10), ('Roar', 1), ('Substitute', 1), ('Taunt', 2), ('Toxic', 2), ('Will-O-Wisp', 5)]",50.0,0.011357711111455285,485,Fire,Steel,600.0,91.0,90.0,106.0,130.0,106.0,77.0
Hemogoblin,[Gen 3] UBERS,1,0,1,"[('Extreme Speed', 1)]",0.0,0.013442667025137788,,,,,,,,,,
Heracross-Mega,[Gen 3] OU,1,0,1,[],0.0,0.0005162595959752402,214-mega,Bug,Fighting,600.0,80.0,185.0,115.0,40.0,105.0,75.0
Hippowdon,[Gen 3] UBERS,3,0,3,"[('Curse', 2), ('Earthquake', 2), ('Ice Fang', 1), ('Rock Slide', 1)]",0.0,0.040328001075413365,450,Ground,,525.0,108.0,112.0,118.0,68.0,72.0,47.0
Honchkrow,[Gen 3] OU,1,1,0,[],100.0,0.0005162595959752402,430,Dark,Flying,505.0,100.0,125.0,52.0,105.0,52.0,71.0
Hoopa,[Gen 3] UBERS,3,0,3,"[('Calm Mind', 1), ('Ice Punch', 1), ('Substitute', 1), ('Thunderbolt', 1)]",0.0,0.040328001075413365,720,Psychic,Ghost,600.0,80.0,110.0,60.0,150.0,130.0,70.0
Houndoom-Mega,[Gen 3] OU,1,0,1,"[('Fire Blast', 1)]",0.0,0.0005162595959752402,229-mega,Dark,Fire,600.0,75.0,90.0,90.0,140.0,90.0,115.0
Infernape,[Gen 3] UBERS,1,1,0,"[('Brick Break', 1), ('Earthquake', 1), ('Substitute', 1)]",100.0,0.013442667025137788,392,Fire,Fighting,534.0,76.0,104.0,71.0,104.0,71.0,108.0
Iron Bundle,[Gen 3] UBERS,1,1,0,"[('Thief', 1)]",100.0,0.013442667025137788,991,Ice,Water,570.0,56.0,80.0,114.0,124.0,60.0,136.0
Iron Jugulis,[Gen 3] UBERS,1,1,0,"[('Crunch', 1), ('Flamethrower', 1), ('Hydro Pump', 1), ('Taunt', 1)]",100.0,0.013442667025137788,993,Dark,Flying,570.0,94.0,80.0,86.0,122.0,80.0,108.0
Iron Moth,[Gen 3] UBERS,1,0,1,"[('Flamethrower', 1)]",0.0,0.013442667025137788,994,Fire,Poison,570.0,80.0,70.0,60.0,140.0,110.0,110.0
Iron Valiant,[Gen 3] UBERS,1,1,0,"[('Ice Punch', 1), ('Thunderbolt', 1)]",100.0,0.013442667025137788,1006,Fairy,Fighting,590.0,74.0,130.0,90.0,120.0,60.0,116.0
Kangaskhan-Mega,[Gen 3] UU,1,0,1,"[('Double-Edge', 1), ('Earthquake', 1), ('Fake Out', 1)]",0.0,0.039093041438623924,115-mega,Normal,,590.0,105.0,125.0,100.0,60.0,100.0,100.0
Kerfluffle,[Gen 3] UBERS,1,0,1,"[('Psychic', 1), ('Superpower', 1)]",0.0,0.013442667025137788,,,,,,,,,,
Kitsunoh,[Gen 3] UBERS,1,0,1,"[('Shadow Ball', 1)]",0.0,0.013442667025137788,,,,,,,,,,
Klefki,[Gen 3] OU,20,8,14,"[('Dazzling Gleam', 1), ('Hidden Power', 1), ('Imprison', 4), ('Light Screen', 3), ('Reflect', 7), ('Spikes', 18), ('Substitute', 1), ('Thunder Wave', 11)]",36.36363636363637,0.010325191919504805,707,Steel,Fairy,470.0,57.0,80.0,91.0,80.0,87.0,75.0
Klefki,[Gen 3] UBERS,1,0,1,"[('Light Screen', 1), ('Thunder Wave', 1)]",0.0,0.013442667025137788,707,Steel,Fairy,470.0,57.0,80.0,91.0,80.0,87.0,75.0
Krookodile,[Gen 3] UBERS,1,0,1,"[('Earthquake', 1)]",0.0,0.013442667025137788,553,Ground,Dark,519.0,95.0,117.0,80.0,65.0,70.0,92.0
Kyurem,[Gen 3] UBERS,1,0,1,"[('Dragon Dance', 1), ('Ice Beam', 1)]",0.0,0.013442667025137788,646,Dragon,Ice,660.0,125.0,130.0,90.0,130.0,90.0,95.0
Landorus,[Gen 3] OU,1,1,0,"[('Earthquake', 1)]",100.0,0.0005162595959752402,645,Ground,Flying,600.0,89.0,125.0,90.0,115.0,80.0,101.0
Landorus,[Gen 3] UBERS,1,0,1,"[('Earthquake', 1)]",0.0,0.013442667025137788,645,Ground,Flying,600.0,89.0,125.0,90.0,115.0,80.0,101.0
Landorus-Therian,[Gen 3] OU,2,1,1,"[('Earthquake', 1), ('Rock Slide', 1), ('Stealth Rock', 1), ('Substitute', 1), ('Swords Dance', 1)]",50.0,0.0010325191919504804,645-therian,Ground,Flying,600.0,89.0,145.0,90.0,105.0,80.0,91.0
Lickilicky,[Gen 3] UBERS,1,0,1,"[('Body Slam', 1)]",0.0,0.013442667025137788,463,Normal,,515.0,110.0,85.0,95.0,80.0,95.0,50.0
Liepard,[Gen 3] UBERS,1,1,0,"[('Foul Play', 1)]",100.0,0.013442667025137788,510,Dark,,446.0,64.0,88.0,50.0,88.0,50.0,106.0
Lopunny,[Gen 3] OU,1,0,1,"[('Ice Punch', 1), ('Return', 1)]",0.0,0.0005162595959752402,428,Normal,,480.0,65.0,76.0,84.0,54.0,96.0,105.0
Lucario,[Gen 3] UBERS,1,0,1,"[('Earthquake', 1)]",0.0,0.013442667025137788,448,Fighting,Steel,525.0,70.0,110.0,70.0,115.0,70.0,90.0
Lucario-Mega,[Gen 3] UBERS,1,0,1,"[('Earthquake', 1), ('High Jump Kick', 1)]",0.0,0.013442667025137788,448-mega,Fighting,Steel,625.0,70.0,145.0,88.0,140.0,70.0,112.0
Lycanroc,[Gen 3] OU,4,2,2,"[('Brick Break', 1), ('Earthquake', 1), ('Endeavor', 1), ('Hidden Power', 1), ('Rock Slide', 1), ('Swords Dance', 2)]",50.0,0.002065038383900961,745,Rock,,487.0,75.0,115.0,65.0,55.0,65.0,112.0
Lycanroc-Dusk,[Gen 3] OU,2,0,2,"[('Drill Run', 1), ('Hidden Power', 1), ('Swords Dance', 1)]",0.0,0.0010325191919504804,745-dusk,Rock,,487.0,75.0,117.0,65.0,55.0,65.0,110.0
Magearna,[Gen 3] OU,1,1,0,"[('Flash Cannon', 1), ('Fleur Cannon', 1), ('Shift Gear', 1)]",100.0,0.0005162595959752402,801,Steel,Fairy,600.0,80.0,95.0,115.0,130.0,115.0,65.0
Magmortar,[Gen 3] OU,1,0,1,"[('Substitute', 1)]",0.0,0.0005162595959752402,467,Fire,,540.0,75.0,95.0,67.0,125.0,95.0,83.0
Magnezone,[Gen 3] OU,3,0,3,"[('Protect', 1)]",0.0,0.0015487787879257205,462,Electric,Steel,535.0,70.0,70.0,115.0,130.0,90.0,60.0
Malaconda,[Gen 3] UBERS,1,1,0,"[('Synthesis', 1), ('Toxic', 1)]",100.0,0.013442667025137788,,,,,,,,,,
Mamoswine,[Gen 3] OU,1,0,1,[],0.0,0.0005162595959752402,473,Ice,Ground,530.0,110.0,130.0,80.0,70.0,60.0,80.0
Meowscarada,[Gen 3] OU,10,5,8,"[('Brick Break', 5), ('Giga Drain', 3), ('Hidden Power', 8), ('Knock Off', 1), ('Shadow Ball', 1), ('Spikes', 3)]",38.46153846153847,0.005162595959752402,908,Grass,Dark,530.0,76.0,110.0,70.0,81.0,70.0,123.0
Meowscarada,[Gen 3] UBERS,1,1,0,"[('Low Kick', 1)]",100.0,0.013442667025137788,908,Grass,Dark,530.0,76.0,110.0,70.0,81.0,70.0,123.0
Metagross-Mega,[Gen 3] OU,2,2,1,"[('Earthquake', 1), ('Meteor Mash', 2)]",66.66666666666666,0.0010325191919504804,376-mega,Steel,Psychic,700.0,80.0,145.0,150.0,105.0,110.0,110.0
Metagross-Mega,[Gen 3] UBERS,1,0,1,"[('Metronome', 1), ('Refresh', 1), ('Rock Throw', 1), ('Struggle', 1)]",0.0,0.013442667025137788,376-mega,Steel,Psychic,700.0,80.0,145.0,150.0,105.0,110.0,110.0
Miasmaw,[Gen 3] UBERS,1,1,0,"[('Superpower', 1)]",100.0,0.013442667025137788,,,,,,,,,,
Mimikyu,[Gen 3] OU,2,1,1,"[('Pain Split', 2), ('Thunder Wave', 1), ('Will-O-Wisp', 1)]",50.0,0.0010325191919504804,778,Ghost,Fairy,476.0,55.0,90.0,80.0,50.0,105.0,96.0
Mimikyu,[Gen 3] UBERS,1,0,1,"[('Destiny Bond', 1), ('Substitute', 1), ('Trick', 1)]",0.0,0.013442667025137788,778,Ghost,Fairy,476.0,55.0,90.0,80.0,50.0,105.0,96.0
Mismagius,[Gen 3] OU,1,0,1,"[('Destiny Bond', 1), ('Mean Look', 1)]",0.0,0.0005162595959752402,429,Ghost,,495.0,60.0,60.0,60.0,105.0,105.0,105.0
Morgrem,[Gen 3] UBERS,1,0,1,"[('Light Screen', 1), ('Metronome', 1), ('Reflect', 1), ('Thunder Wave', 1), ('Uproar', 1)]",0.0,0.013442667025137788,860,Dark,Fairy,370.0,65.0,60.0,45.0,75.0,55.0,70.0
Naviathan,[Gen 3] UBERS,1,0,1,"[('Hydro Pump', 1)]",0.0,0.013442667025137788,,,,,,,,,,
Necturna,[Gen 3] UBERS,1,0,1,"[('Shadow Ball', 1)]",0.0,0.013442667025137788,,,,,,,,,,
Pajantom,[Gen 3] UBERS,1,0,1,"[('Shadow Ball', 1)]",0.0,0.013442667025137788,,,,,,,,,,
Palafin,[Gen 3] UBERS,1,1,0,[],100.0,0.013442667025137788,964,Water,,457.0,100.0,70.0,72.0,53.0,62.0,100.0
Palafin-Hero,[Gen 3] UBERS,1,1,0,[],100.0,0.013442667025137788,964-hero,Water,,650.0,100.0,160.0,97.0,106.0,87.0,100.0
Pecharunt,[Gen 3] OU,1,1,0,"[('Night Shade', 1), ('Recover', 1), ('Substitute', 1), ('Toxic', 1)]",100.0,0.0005162595959752402,1025,Poison,Ghost,600.0,88.0,88.0,160.0,88.0,88.0,88.0
Pheromosa,[Gen 3] OU,8,6,7,"[('Brick Break', 2), ('Hidden Power', 3), ('High Jump Kick', 5), ('Ice Beam', 5), ('Low Kick', 1), ('Shock Wave', 1), ('Silver Wind', 1), ('Substitute', 1)]",46.15384615384615,0.004130076767801922,795,Bug,Fighting,570.0,71.0,137.0,37.0,137.0,37.0,151.0
Pinsir-Mega,[Gen 3] OU,1,1,0,"[('Return', 1)]",100.0,0.0005162595959752402,127-mega,Bug,Flying,600.0,65.0,155.0,120.0,65.0,90.0,105.0
Primarina,[Gen 3] UBERS,1,0,1,"[('Calm Mind', 1), ('Psychic', 1)]",0.0,0.013442667025137788,730,Water,Fairy,530.0,80.0,74.0,74.0,126.0,116.0,60.0
Pyroak,[Gen 3] UBERS,1,0,1,"[('Overheat', 1), ('Substitute', 1)]",0.0,0.013442667025137788,,,,,,,,,,
Qwilfish-Hisui,[Gen 3] UBERS,1,1,0,"[('Crunch', 1), ('Spikes', 1)]",100.0,0.013442667025137788,211-hisui,Dark,Poison,440.0,65.0,95.0,85.0,55.0,55.0,85.0
Raging Bolt,[Gen 3] UBERS,1,0,1,"[('Dragon Claw', 1), ('Thunder Wave', 1), ('Thunderbolt', 1)]",0.0,0.013442667025137788,1021,Electric,Dragon,590.0,125.0,73.0,91.0,137.0,89.0,75.0
Regigigas,[Gen 3] UBERS,1,0,1,"[('Body Slam', 1), ('Protect', 1), ('Substitute', 1)]",0.0,0.013442667025137788,486,Normal,,670.0,110.0,160.0,110.0,80.0,110.0,100.0
Revenankh,[Gen 3] UBERS,1,0,1,"[('Bulk Up', 1), ('Mach Punch', 1), ('Shadow Ball', 1)]",0.0,0.013442667025137788,,,,,,,,,,
Roaring Moon,[Gen 3] UBERS,2,0,2,"[('Brick Break', 1), ('Earthquake', 1), ('Rock Slide', 1)]",0.0,0.026885334050275576,1005,Dragon,Dark,590.0,105.0,139.0,71.0,55.0,101.0,119.0
Roserade,[Gen 3] OU,2,1,1,"[('Hidden Power', 1), ('Leech Seed', 1), ('Solar Beam', 1), ('Spikes', 1), ('Stun Spore', 1), ('Synthesis', 2)]",50.0,0.0010325191919504804,407,Grass,Poison,515.0,60.0,70.0,65.0,125.0,105.0,90.0
Roserade,[Gen 3] UBERS,1,0,1,"[('Giga Drain', 1), ('Spikes', 1)]",0.0,0.013442667025137788,407,Grass,Poison,515.0,60.0,70.0,65.0,125.0,105.0,90.0
Rotom-Heat,[Gen 3] UBERS,1,0,1,"[('Pain Split', 1), ('Thunderbolt', 1), ('Toxic', 1)]",0.0,0.013442667025137788,479-heat,Electric,Fire,520.0,50.0,65.0,107.0,105.0,107.0,86.0
Sableye-Mega,[Gen 3] OU,1,0,1,"[('Leech Seed', 1)]",0.0,0.0005162595959752402,302-mega,Dark,Ghost,480.0,50.0,85.0,125.0,85.0,115.0,20.0
Saharaja,[Gen 3] UBERS,1,1,0,"[('Ancient Power', 1), ('Earthquake', 1)]",100.0,0.013442667025137788,,,,,,,,,,
Scrafty,[Gen 3] UBERS,1,1,0,"[('Knock Off', 1)]",100.0,0.013442667025137788,560,Dark,Fighting,488.0,65.0,90.0,115.0,45.0,115.0,58.0
Seismitoad,[Gen 3] OU,3,3,0,"[('Earthquake', 1), ('Hydro Pump', 1), ('Ice Punch', 1), ('Knock Off', 2)]",100.0,0.0015487787879257205,537,Water,Ground,509.0,105.0,95.0,75.0,85.0,75.0,74.0
Slowking-Galar,[Gen 3] UBERS,1,0,1,"[('Flamethrower', 1)]",0.0,0.013442667025137788,199-galar,Poison,Psychic,490.0,95.0,65.0,80.0,110.0,110.0,30.0
Smokomodo,[Gen 3] UBERS,1,1,0,"[('Fire Spin', 1)]",100.0,0.013442667025137788,,,,,,,,,,
Stunfisk,[Gen 3] UBERS,1,1,0,"[('Earthquake', 1), ('Protect', 1), ('Thunderbolt', 1), ('Toxic', 1)]",100.0,0.013442667025137788,618,Ground,Electric,471.0,109.0,66.0,84.0,81.0,99.0,32.0
Syclant,[Gen 3] UBERS,1,1,0,"[('Earthquake', 1), ('Ice Beam', 1)]",100.0,0.013442667025137788,,,,,,,,,,
Tangrowth,[Gen 3] OU,3,2,1,"[('Endeavor', 1), ('Hidden Power', 2), ('Knock Off', 1), ('Leech Seed', 2), ('Sleep Powder', 1), ('Solar Beam', 2), ('Substitute', 1)]",66.66666666666666,0.0015487787879257205,465,Grass,,535.0,100.0,100.0,125.0,110.0,50.0,50.0
Tangrowth,[Gen 3] UBERS,1,0,1,"[('Leech Seed', 1), ('Substitute', 1)]",0.0,0.013442667025137788,465,Grass,,535.0,100.0,100.0,125.0,110.0,50.0,50.0
Tapu Bulu,[Gen 3] OU,2,1,1,"[('Brick Break', 2), ('Dazzling Gleam', 1), ('Leech Seed', 1), ('Substitute', 1)]",50.0,0.0010325191919504804,787,Grass,Fairy,570.0,70.0,130.0,115.0,85.0,95.0,75.0
Tapu Fini,[Gen 3] UBERS,1,0,1,"[('Calm Mind', 1), ('Ice Beam', 1), ('Surf', 1), ('Whirlpool', 1)]",0.0,0.013442667025137788,788,Water,Fairy,570.0,70.0,75.0,115.0,95.0,130.0,85.0
Tapu Koko,[Gen 3] OU,16,10,9,"[('Calm Mind', 3), ('Dazzling Gleam', 10), ('Hidden Power', 4), ('Quick Attack', 1), ('Rain Dance', 2), ('Substitute', 2), ('Thunder', 1), ('Thunderbolt', 10), ('Toxic', 1)]",52.63157894736842,0.008260153535603844,785,Electric,Fairy,570.0,70.0,115.0,85.0,95.0,75.0,130.0
Tapu Koko,[Gen 3] UBERS,1,0,1,"[('Calm Mind', 1), ('Thunderbolt', 1)]",0.0,0.013442667025137788,785,Electric,Fairy,570.0,70.0,115.0,85.0,95.0,75.0,130.0
Tauros-Paldea-Blaze,[Gen 3] UBERS,1,1,0,"[('Bulk Up', 1), ('Earthquake', 1), ('Hidden Power', 1), ('Substitute', 1)]",100.0,0.013442667025137788,128-blaze,Fighting,Fire,490.0,75.0,110.0,105.0,30.0,70.0,100.0
Thundurus,[Gen 3] UBERS,1,1,0,[],100.0,0.013442667025137788,642,Electric,Flying,580.0,79.0,115.0,70.0,125.0,80.0,111.0
Thundurus-Therian,[Gen 3] UBERS,2,2,0,"[('Crunch', 1), ('Thunderbolt', 1), ('Toxic', 2), ('Weather Ball', 2)]",100.0,0.026885334050275576,642-therian,Electric,Flying,580.0,79.0,105.0,70.0,145.0,80.0,101.0
Ting-Lu,[Gen 3] OU,1,0,1,"[('Body Slam', 1), ('Earthquake', 1), ('Spikes', 1), ('Whirlwind', 1)]",0.0,0.0005162595959752402,1003,Dark,Ground,570.0,155.0,110.0,125.0,55.0,80.0,45.0
Ting-Lu,[Gen 3] UBERS,1,0,1,"[('Spikes', 1), ('Whirlwind', 1)]",0.0,0.013442667025137788,1003,Dark,Ground,570.0,155.0,110.0,125.0,55.0,80.0,45.0
Tinkaton,[Gen 3] UBERS,1,1,0,"[('Hidden Power', 1), ('Knock Off', 1), ('Thunder Wave', 1)]",100.0,0.013442667025137788,959,Fairy,Steel,506.0,85.0,75.0,77.0,70.0,105.0,94.0
Toedscruel,[Gen 3] UBERS,1,1,0,"[('Rapid Spin', 1), ('Sludge Bomb', 1)]",100.0,0.013442667025137788,949,Ground,Grass,515.0,80.0,70.0,65.0,80.0,120.0,100.0
Tomohawk,[Gen 3] UBERS,1,1,0,"[('Hidden Power', 1), ('Rapid Spin', 1), ('Toxic', 1)]",100.0,0.013442667025137788,,,,,,,,,,
Toxapex,[Gen 3] UBERS,1,1,0,"[('Knock Off', 1), ('Recover', 1), ('Surf', 1)]",100.0,0.013442667025137788,748,Poison,Water,495.0,50.0,63.0,152.0,53.0,142.0,35.0
Tyranitar-Mega,[Gen 3] OU,2,2,0,"[('Dragon Dance', 1), ('Earthquake', 2), ('Hidden Power', 1)]",100.0,0.0010325191919504804,248-mega,Rock,Dark,700.0,100.0,164.0,150.0,95.0,120.0,71.0
Urshifu-Rapid-Strike,[Gen 3] OU,1,0,1,"[('Brick Break', 1), ('Swords Dance', 1)]",0.0,0.0005162595959752402,892-rapid,Fighting,Water,550.0,100.0,130.0,100.0,63.0,60.0,97.0
Urshifu-Rapid-Strike,[Gen 3] UBERS,3,0,3,"[('Double-Edge', 1), ('Rock Slide', 1), ('Substitute', 2), ('Superpower', 1), ('Swords Dance', 2)]",0.0,0.040328001075413365,892-rapid,Fighting,Water,550.0,100.0,130.0,100.0,63.0,60.0,97.0
Victini,[Gen 3] UBERS,1,1,0,"[('Fire Blast', 1)]",100.0,0.013442667025137788,494,Psychic,Fire,600.0,100.0,100.0,100.0,100.0,100.0,100.0
Vikavolt,[Gen 3] UBERS,1,1,0,"[('Thunderbolt', 1)]",100.0,0.013442667025137788,738,Bug,Electric,500.0,77.0,70.0,90.0,145.0,75.0,43.0
Virizion,[Gen 3] OU,1,0,1,"[('Calm Mind', 1), ('Hidden Power', 1)]",0.0,0.0005162595959752402,640,Grass,Fighting,580.0,91.0,90.0,72.0,90.0,129.0,108.0
Walking Wake,[Gen 3] UBERS,1,1,0,"[('Dragon Claw', 1), ('Hydro Pump', 1), ('Substitute', 1)]",100.0,0.013442667025137788,1009,Water,Dragon,590.0,99.0,83.0,91.0,125.0,83.0,109.0
Weezing-Galar,[Gen 3] UBERS,1,1,0,"[('Flamethrower', 1), ('Sludge Bomb', 1), ('Will-O-Wisp', 1)]",100.0,0.013442667025137788,110-galar,Poison,Fairy,490.0,65.0,90.0,120.0,85.0,70.0,60.0
Whimsicott,[Gen 3] OU,8,4,4,"[('Encore', 1), ('Giga Drain', 1), ('Knock Off', 1), ('Leech Seed', 6), ('Memento', 1), ('Protect', 1), ('Stun Spore', 2), ('Substitute', 4), ('Toxic', 1)]",50.0,0.004130076767801922,547,Grass,Fairy,480.0,60.0,67.0,85.0,77.0,75.0,116.0
Xerneas,[Gen 3] UBERS,1,0,1,"[('Outrage', 1)]",0.0,0.013442667025137788,716,Fairy,,680.0,126.0,131.0,95.0,131.0,98.0,99.0
Yveltal,[Gen 3] UBERS,1,0,1,"[('Focus Blast', 1)]",0.0,0.013442667025137788,717,Dark,Flying,680.0,126.0,131.0,95.0,131.0,98.0,99.0
Zamazenta-Crowned,[Gen 3] UBERS,1,1,0,"[('Hidden Power', 1), ('Rest', 1), ('Sleep Talk', 1)]",100.0,0.013442667025137788,889-crowned,Fighting,Steel,700.0,92.0,120.0,140.0,80.0,140.0,128.0
Zeraora,[Gen 3] UBERS,1,0,1,"[('Blaze Kick', 1), ('Calm Mind', 1), ('Thunderbolt', 1)]",0.0,0.013442667025137788,807,Electric,,600.0,88.0,112.0,75.0,102.0,80.0,143.0
Zygarde,[Gen 3] OU,2,0,2,"[('Dragon Dance', 2), ('Earthquake', 1), ('Rock Slide', 1), ('Substitute', 1), ('Thousand Arrows', 1)]",0.0,0.0010325191919504804,718,Dragon,Ground,600.0,108.0,100.0,121.0,81.0,95.0,95.0
Zygarde-10%,[Gen 3] OU,7,6,5,"[('Brick Break', 1), ('Dragon Dance', 6), ('Earthquake', 1), ('Extreme Speed', 1), ('Hidden Power', 2), (""Land'S Wrath"", 1), ('Protect', 2), ('Substitute', 5), ('Thousand Arrows', 4)]",54.54545454545454,0.0036138171718266814,718-10,Dragon,Ground,486.0,54.0,100.0,71.0,61.0,85.0,115.0
Arghonaut,[Gen 4] OU,1,0,1,"[('Waterfall', 1)]",0.0,0.00058336590459634,,,,,,,,,,
Buzzwole,[Gen 4] OU,1,1,0,"[('Earthquake', 1)]",100.0,0.00058336590459634,794,Bug,Fighting,570.0,107.0,139.0,139.0,53.0,53.0,79.0
Celesteela,[Gen 4] OU,1,1,0,"[('Heavy Slam', 1), ('Leech Seed', 1), ('Protect', 1)]",100.0,0.00058336590459634,797,Steel,Flying,570.0,97.0,101.0,103.0,107.0,101.0,61.0
Cyclohm,[Gen 4] OU,1,1,0,"[('Ice Beam', 1), ('Thunderbolt', 1)]",100.0,0.00058336590459634,,,,,,,,,,
Excadrill,[Gen 4] OU,1,1,0,"[('Earthquake', 1)]",100.0,0.00058336590459634,530,Ground,Steel,508.0,110.0,135.0,60.0,50.0,65.0,88.0
Ferrothorn,[Gen 4] OU,1,0,1,"[('Stealth Rock', 1)]",0.0,0.00058336590459634,598,Grass,Steel,489.0,74.0,94.0,131.0,54.0,116.0,20.0
Fidgit,[Gen 4] OU,1,1,0,"[('Spikes', 1), ('Stealth Rock', 1)]",100.0,0.00058336590459634,,,,,,,,,,
Genesect,[Gen 4] OU,3,2,3,"[('Blaze Kick', 2), ('Bug Buzz', 1), ('Explosion', 1), ('Extreme Speed', 1), ('Flamethrower', 1), ('Ice Beam', 1), ('Iron Head', 1), ('U-Turn', 2)]",40.0,0.0017500977137890198,649,Bug,Steel,600.0,71.0,120.0,95.0,120.0,95.0,99.0
Glalie-Mega,[Gen 4] OU,1,0,1,"[('Return', 1)]",0.0,0.00058336590459634,362-mega,Ice,,580.0,80.0,120.0,80.0,120.0,80.0,100.0
Gyarados-Mega,[Gen 4] OU,1,1,0,[],100.0,0.00058336590459634,130-mega,Water,Dark,640.0,95.0,155.0,109.0,70.0,130.0,81.0
Hydreigon,[Gen 4] OU,9,4,6,"[('Crunch', 1), ('Dark Pulse', 5), ('Draco Meteor', 3), ('Dragon Dance', 1), ('Fire Blast', 1), ('Flamethrower', 2), ('Focus Blast', 3), ('Outrage', 1), ('Roost', 3), ('U-Turn', 3)]",40.0,0.00525029314136706,635,Dark,Dragon,600.0,92.0,105.0,90.0,125.0,90.0,98.0
Kangaskhan-Mega,[Gen 4] UU,1,0,1,"[('Earthquake', 1), ('Fake Out', 1)]",0.0,0.01405086412814388,115-mega,Normal,,590.0,105.0,125.0,100.0,60.0,100.0,100.0
Kartana,[Gen 4] OU,1,1,0,"[('Night Slash', 1)]",100.0,0.00058336590459634,798,Grass,Steel,570.0,59.0,181.0,131.0,59.0,31.0,109.0
Kitsunoh,[Gen 4] OU,2,1,1,"[('Meteor Mash', 1), ('Shadow Strike', 2), ('Trick', 1), ('U-Turn', 1)]",50.0,0.00116673180919268,,,,,,,,,,
Landorus-Therian,[Gen 4] OU,1,0,1,"[('Earthquake', 1)]",0.0,0.00058336590459634,645-therian,Ground,Flying,600.0,89.0,145.0,90.0,105.0,80.0,91.0
Lopunny-Mega,[Gen 4] OU,3,1,3,"[('Fake Out', 3), ('Ice Punch', 1), ('Sky Uppercut', 2)]",25.0,0.0017500977137890198,428-mega,Normal,Fighting,580.0,65.0,136.0,94.0,54.0,96.0,135.0
Mawile-Mega,[Gen 4] OU,1,1,0,[],100.0,0.00058336590459634,303-mega,Steel,Fairy,480.0,50.0,105.0,125.0,55.0,95.0,50.0
Miraidon,[Gen 4] OU,7,7,7,"[('Draco Meteor', 6), ('Dragon Pulse', 1), ('Electro Drift', 3), ('Overheat', 1), ('Thunderbolt', 4), ('U-Turn', 3)]",50.0,0.00408356133217438,1008,Electric,Dragon,670.0,100.0,85.0,100.0,135.0,115.0,135.0
Muk-Alola,[Gen 4] OU,1,1,0,"[('Knock Off', 1), ('Poison Jab', 1), ('Shadow Sneak', 1)]",100.0,0.00058336590459634,89-alola,Poison,Dark,500.0,105.0,105.0,75.0,65.0,100.0,50.0
Nihilego,[Gen 4] OU,1,1,0,"[('Thunderbolt', 1)]",100.0,0.00058336590459634,793,Rock,Poison,570.0,109.0,53.0,47.0,127.0,131.0,103.0
Pheromosa,[Gen 4] OU,1,1,0,"[('U-Turn', 1)]",100.0,0.00058336590459634,795,Bug,Fighting,570.0,71.0,137.0,37.0,137.0,37.0,151.0
Pyroak,[Gen 4] OU,2,0,2,"[('Earth Power', 1), ('Stealth Rock', 1), ('Synthesis', 1)]",0.0,0.00116673180919268,,,,,,,,,,
Reshiram,[Gen 4] OU,2,1,1,"[('Blue Flare', 1), ('Draco Meteor', 2)]",50.0,0.00116673180919268,643,Dragon,Fire,680.0,100.0,120.0,100.0,150.0,120.0,90.0
Sableye-Mega,[Gen 4] OU,1,1,0,"[('Knock Off', 1)]",100.0,0.00058336590459634,302-mega,Dark,Ghost,480.0,50.0,85.0,125.0,85.0,115.0,20.0
Scizor-Mega,[Gen 4] OU,1,1,0,"[('Bullet Punch', 1), ('Roost', 1), ('U-Turn', 1)]",100.0,0.00058336590459634,212-mega,Bug,Steel,600.0,70.0,150.0,140.0,65.0,100.0,75.0
Slowbro-Mega,[Gen 4] OU,1,1,0,[],100.0,0.00058336590459634,80-mega,Water,Psychic,590.0,95.0,75.0,180.0,130.0,80.0,30.0
Swampert-Mega,[Gen 4] OU,1,0,1,"[('Ice Punch', 1), ('Rain Dance', 1), ('Waterfall', 1)]",0.0,0.00058336590459634,260-mega,Water,Ground,635.0,100.0,150.0,110.0,95.0,110.0,70.0
Syclant,[Gen 4] OU,1,1,1,"[('Ice Beam', 1), ('U-Turn', 1)]",50.0,0.00058336590459634,,,,,,,,,,
Tapu Lele,[Gen 4] OU,1,0,1,"[('Moonblast', 1), ('Psyshock', 1)]",0.0,0.00058336590459634,786,Psychic,Fairy,570.0,70.0,85.0,75.0,130.0,115.0,95.0
Thundurus-Therian,[Gen 4] OU,1,1,0,"[('Hidden Power', 1), ('Volt Switch', 1)]",100.0,0.00058336590459634,642-therian,Electric,Flying,580.0,79.0,105.0,70.0,145.0,80.0,101.0
Tyranitar-Mega,[Gen 4] OU,1,1,0,"[('Dragon Dance', 1), ('Fire Punch', 1)]",100.0,0.00058336590459634,248-mega,Rock,Dark,700.0,100.0,164.0,150.0,95.0,120.0,71.0
Voodoom,[Gen 4] OU,1,1,0,[],100.0,0.00058336590459634,,,,,,,,,,
Xurkitree,[Gen 4] OU,1,1,0,"[('Thunderbolt', 1), ('Volt Switch', 1)]",100.0,0.00058336590459634,796,Electric,,570.0,83.0,89.0,71.0,173.0,71.0,83.0
Zacian-Crowned,[Gen 4] OU,2,2,2,"[('Behemoth Blade', 2), ('Imprison', 1), ('Play Rough', 2), ('Swords Dance', 2)]",50.0,0.00116673180919268,888-crowned,Fairy,Steel,700.0,92.0,150.0,115.0,80.0,115.0,148.0
Zamazenta,[Gen 4] OU,1,1,0,"[('Body Press', 1), ('Iron Defense', 1), ('Roar', 1), ('Substitute', 1)]",100.0,0.00058336590459634,889,Fighting,,660.0,92.0,120.0,115.0,80.0,115.0,138.0
Appletun-Mega,[Gen 9] OU,4,1,3,"[('Draco Meteor', 2), ('Giga Drain', 1), ('Hidden Power', 1), ('Leaf Storm', 2), ('Recover', 1)]",25.0,0.0003110647279039059,,,,,,,,,,
Carnivine-Sevii,[Gen 9] OU,41,21,20,"[('Barb Barrage', 10), ('Body Press', 9), ('Clear Smog', 1), ('Curse', 6), ('Defog', 8), ('Gunk Shot', 1), ('Gyro Ball', 2), ('Iron Defense', 1), ('Iron Head', 1), ('Knock Off', 7), ('Leech Seed', 4), ('Poison Jab', 1), ('Rest', 1), ('Sleep Powder', 1), ('Snap Trap', 20), ('Synthesis', 14), ('Thunder Wave', 6), ('Toxic', 1), ('Toxic Spikes', 3)]",51.21951219512195,0.0031884134610150354,,,,,,,,,,
Centiskorch-Mega,[Gen 9] OU,5,2,3,"[('Coil', 1), ('Fire Lash', 2), ('Leech Life', 1), ('Return', 1)]",40.0,0.0003888309098798823,,,,,,,,,,
Centiskorch-Sevii,[Gen 9] OU,8,2,6,"[('Coil', 4), ('Earthquake', 5), ('Leech Life', 3), ('Megahorn', 1), ('Stone Edge', 1)]",25.0,0.0006221294558078118,,,,,,,,,,
Centiskorch-Sevii-Mega,[Gen 9] OU,4,1,3,"[('Coil', 2), ('Earthquake', 3), ('Leech Life', 3)]",25.0,0.0003110647279039059,,,,,,,,,,
Chillet,[Gen 9] OU,71,32,43,"[('Body Slam', 1), ('Brick Break', 1), ('Coil', 1), ('Dig', 1), ('Double-Edge', 7), ('Draco Barrage', 8), ('Dragon Claw', 2), ('Dragon Dance', 19), ('Extreme Speed', 42), ('Focus Punch', 2), ('Knock Off', 6), ('Protect', 1), ('Return', 3), ('Scale Shot', 2), ('Tail Slap', 3), ('Tectonic Rage', 2), ('Thunder Punch', 3), ('Trick', 1), ('Triple Axel', 4), ('U-Turn', 15)]",42.66666666666667,0.00552139892029433,,,,,,,,,,
Clawitzer-Sevii,[Gen 9] OU,15,7,8,"[('Aura Sphere', 3), ('Bug Buzz', 2), ('Dark Pulse', 8), ('Leech Life', 1), ('Origin Pulse', 1), ('Shadow Ball', 1), ('Sticky Web', 4), ('Terrain Pulse', 1)]",46.666666666666664,0.001166492729639647,,,,,,,,,,
Coalossal-Mega,[Gen 9] OU,3,0,3,"[('Fire Blast', 3), ('Flash Cannon', 1), ('Spikes', 1)]",0.0,0.0002332985459279294,,,,,,,,,,
Cresceidon,[Gen 9] OU,9,0,9,"[('Hydro Steam', 4), ('Rapid Spin', 6), ('Recover', 2), ('Techno Blast', 3)]",0.0,0.0006998956377837882,,,,,,,,,,
Crucibelle,[Gen 9] OU,4,3,1,"[('Air Slash', 1), ('Dark Void', 1), ('Dig', 1), ('Dual Wingbeat', 1), ('Explosion', 1), ('Feather Dance', 1), ('Fiery Dance', 1), ('Fire Blast', 1), ('Guillotine', 1), ('Gunk Shot', 1), ('Heat Wave', 1), ('Hydro Pump', 1), ('Knock Off', 1), ('Leech Life', 1), ('Meteor Beam', 1), ('Meteor Mash', 1), ('Metronome', 1), ('Perish Song', 1), ('Poison Jab', 1), ('Present', 1), ('Psychic Fangs', 1), ('Reflect Type', 1), ('Spore', 1), ('Stone Edge', 1), ('Throat Chop', 1), ('Thunder', 1), ('Triple Kick', 1), ('Victory Dance', 1)]",75.0,0.0003110647279039059,,,,,,,,,,
Crucibelle-Mega,[Gen 9] OU,1,0,1,"[('Explosion', 1)]",0.0,7.776618197597647e-05,,,,,,,,,,
Dhelmise-Sevii,[Gen 9] OU,13,7,7,"[('Anchor Shot', 1), ('Chloroblast', 1), ('Energy Ball', 1), ('Flip Turn', 7), ('Giga Drain', 1), ('Leech Seed', 3), ('Power Whip', 1), ('Rapid Spin', 5), ('Scald', 5), ('Swords Dance', 1)]",50.0,0.001010960365687694,,,,,,,,,,
Dodrio-Sevii,[Gen 9] OU,9,2,7,"[('Brave Bird', 1), ('Flare Blitz', 4), ('Headlong Rush', 2), ('Swords Dance', 1), ('U-Turn', 1)]",22.22222222222222,0.0006998956377837882,,,,,,,,,,
Flapple-Mega,[Gen 9] OU,1,0,1,"[('Dragon Energy', 1), ('Giga Drain', 1)]",0.0,7.776618197597647e-05,,,,,,,,,,
Floette-Eternal,[Gen 9] OU,2,1,1,"[('Copycat', 1), ('Endeavor', 1), ('Light Of Ruin', 2), ('Recover', 1)]",50.0,0.00015553236395195294,,,,,,,,,,
Garbodor-Mega,[Gen 9] OU,1,0,1,"[('Explosion', 1)]",0.0,7.776618197597647e-05,,,,,,,,,,
Hemogoblin,[Gen 9] OU,1,1,1,"[('Bulk Up', 1), ('Extreme Speed', 1), ('Lash Out', 1), ('Moonlight', 1)]",50.0,7.776618197597647e-05,,,,,,,,,,
Kingler-Mega,[Gen 9] OU,17,8,9,"[('Aqua Jet', 1), ('Close Combat', 2), ('Crabhammer', 4), ('Flip Turn', 1), ('Ice Hammer', 2), ('Iron Head', 1), ('Knock Off', 1), ('Liquidation', 3), ('Meteor Mash', 1)]",47.05882352941176,0.0013220250935916,,,,,,,,,,
Lapras-Mega,[Gen 9] OU,9,7,2,"[('Boomburst', 6), ('Draco Meteor', 1), ('Freeze-Dry', 2), ('Protect', 2), ('Thunderbolt', 2), ('Wish', 3)]",77.77777777777779,0.0006998956377837882,,,,,,,,,,
Lokix-Sevii,[Gen 9] OU,4,0,4,"[('Axe Kick', 1), ('Draco Barrage', 2), ('Dragon Dance', 1)]",0.0,0.0003110647279039059,,,,,,,,,,
Machamp-Mega,[Gen 9] OU,6,2,4,"[('Bullet Punch', 1), ('Fire Punch', 1), ('Ice Punch', 2), ('Knock Off', 1), ('Mach Punch', 2), ('Power-Up Punch', 2), ('Thunder Punch', 1)]",33.33333333333333,0.0004665970918558588,,,,,,,,,,
Malaconda,[Gen 9] OU,1,0,1,[],0.0,7.776618197597647e-05,,,,,,,,,,
Mantine-Sevii,[Gen 9] OU,9,4,5,"[('Agility', 1), ('Electro Shot', 7), ('Sludge Bomb', 3), ('Surf', 1), ('Thunderbolt', 1)]",44.44444444444444,0.0006998956377837882,,,,,,,,,,
Milotic-Sevii,[Gen 9] OU,82,38,48,"[('Alluring Voice', 1), ('Dragon Dance', 4), ('Draining Kiss', 4), ('Earth Power', 13), ('Earthquake', 2), ('Flip Turn', 18), ('Iron Defense', 1), ('Moonblast', 44), ('Play Rough', 3), ('Scald', 9), ('Scorching Sands', 21), ('Shore Up', 31), ('Stealth Rock', 21), ('Substitute', 1), ('Surf', 2), ('Toxic', 1), ('Twinkle Tackle', 4)]",44.18604651162791,0.006376826922030071,,,,,,,,,,
Missingno.,[Gen 9] OU,3,2,1,"[('Explosion', 1), ('Head Charge', 1), ('Veevee Volley', 2), ('Water Gun', 2)]",66.66666666666666,0.0002332985459279294,,,,,,,,,,
Noivern-Sevii,[Gen 9] OU,21,5,16,"[('Acrobatics', 1), ('Brave Bird', 4), ('Dragon Dance', 7), ('Head Smash', 8), ('Never-Ending Nightmare', 1), ('Poltergeist', 4), ('Shadow Claw', 1), ('Shadow Sneak', 1), ('Spirit Shackle', 3), ('U-Turn', 1)]",23.809523809523807,0.0016330898214955058,,,,,,,,,,
Pikachu-Libre,[Gen 9] OU,1,0,1,[],0.0,7.776618197597647e-05,,,,,,,,,,
Plasmanta,[Gen 9] OU,9,5,5,"[('Knock Off', 5), ('Recover', 6), ('Scald', 7), ('Volt Switch', 6)]",50.0,0.0006998956377837882,,,,,,,,,,
Pokestar Black Belt,[Gen 9] OU,1,1,0,[],100.0,7.776618197597647e-05,,,,,,,,,,
Sandaconda-Mega,[Gen 9] OU,2,0,2,"[('Body Slam', 1), ('Sandstorm', 1), ('Stealth Rock', 1)]",0.0,0.00015553236395195294,,,,,,,,,,
Smokomodo,[Gen 9] OU,15,11,7,"[('Flare Blitz', 10), ('Flip Turn', 5), ('Headlong Rush', 7), ('Swords Dance', 1)]",61.111111111111114,0.001166492729639647,,,,,,,,,,
Snorlax-Mega,[Gen 9] OU,4,1,3,"[('Curse', 1), ('Earthquake', 1), ('Rest', 1), ('Return', 1), ('Wood Hammer', 1)]",25.0,0.0003110647279039059,,,,,,,,,,
Tauros-Paldea-Aqua,[Gen 9] OU,4248,1991,2263,"[('Aqua Jet', 759), ('Bitter Malice', 3), ('Body Press', 479), ('Body Slam', 6), ('Bulk Up', 861), ('Chilling Water', 20), ('Close Combat', 1172), ('Curse', 9), ('Dig', 1), ('Double Kick', 6), ('Double-Edge', 2), ('Drill Run', 12), ('Earthquake', 435), ('Endeavor', 10), ('Endure', 43), ('Facade', 3), ('Focus Blast', 1), ('High Horsepower', 19), ('Hyper Voice', 5), ('Iron Head', 72), ('Lash Out', 27), ('Liquidation', 208), ('Nasty Plot', 1), ('Outrage', 24), ('Protect', 137), ('Raging Bull', 1217), ('Rain Dance', 3), ('Rest', 34), ('Reversal', 10), ('Rock Slide', 17), ('Rock Tomb', 11), ('Sandstorm', 4), ('Shadow Ball', 9), ('Sleep Talk', 9), ('Sludge Bomb', 3), ('Stone Edge', 61), ('Struggle', 2), ('Substitute', 138), ('Surf', 1), ('Swagger', 17), ('Tail Whip', 2), ('Tera Blast', 32), ('Thief', 4), ('Toxic', 1), ('Trailblaze', 303), ('Trick', 2), ('U-Turn', 2), ('Water Pulse', 1), ('Wave Crash', 844), ('Whirlpool', 9), ('Wild Charge', 122), ('Zen Headbutt', 35)]",46.80300893276916,0.33035074103394807,128-aqua,Fighting,Water,490.0,75.0,110.0,105.0,30.0,70.0,100.0
Tauros-Paldea-Blaze,[Gen 9] OU,5542,2710,2836,"[('Bitter Malice', 2), ('Body Press', 807), ('Body Slam', 4), ('Bulk Up', 849), ('Close Combat', 1209), ('Curse', 4), ('Dig', 1), ('Double Kick', 5), ('Double-Edge', 5), ('Drill Run', 10), ('Earthquake', 638), ('Endeavor', 15), ('Endure', 28), ('Facade', 1), ('Fire Spin', 9), ('Flame Charge', 183), ('Flamethrower', 3), ('Flare Blitz', 698), ('High Horsepower', 18), ('Hyper Voice', 1), ('Iron Head', 73), ('Lash Out', 18), ('Nasty Plot', 2), ('Outrage', 25), ('Overheat', 2), ('Protect', 226), ('Raging Bull', 1879), ('Rest', 49), ('Reversal', 11), ('Rock Slide', 24), ('Rock Tomb', 10), ('Scary Face', 25), ('Shadow Ball', 4), ('Sleep Talk', 12), ('Stomping Tantrum', 1), ('Stone Edge', 153), ('Struggle', 1), ('Substitute', 38), ('Sunny Day', 7), ('Swagger', 8), ('Temper Flare', 5), ('Tera Blast', 24), ('Thief', 2), ('Thrash', 1), ('Trailblaze', 433), ('Wave Crash', 1), ('Wild Charge', 197), ('Will-O-Wisp', 1221), ('Work Up', 1), ('Zen Headbutt', 9)]",48.86404615939416,0.4309801805108616,128-blaze,Fighting,Fire,490.0,75.0,110.0,105.0,30.0,70.0,100.0
Ursaring-Sevii,[Gen 9] OU,4,0,4,"[('Close Combat', 1), ('Drain Punch', 2), ('Swords Dance', 1)]",0.0,0.0003110647279039059,,,,,,,,,,
Voodoll,[Gen 9] OU,2,2,0,"[('Blood Moon', 1), (""King'S Shield"", 1), ('Night Shade', 1), ('Ruination', 1)]",100.0,0.00015553236395195294,,,,,,,,,,
Wishiwashi-Sevii,[Gen 9] OU,3,1,2,"[('Draco Barrage', 1), ('Dragon Pulse', 2), ('Mystical Fire', 1), ('Shadow Ball', 1), ('Thunderbolt', 1)]",33.33333333333333,0.0002332985459279294,,,,,,,,,,
Zebstrika-Sevii,[Gen 9] OU,13,5,8,"[('Blizzard', 3), ('Discharge', 1), ('Freeze-Dry', 2), ('Ice Beam', 3), ('Substitute', 1), ('Thunder', 6), ('Thunder Wave', 2), ('Toxic', 1), ('Volt Switch', 7)]",38.46153846153847,0.001010960365687694,,,,,,,,,,
